prov_id,prov_tax_id,prov_name,prov_type,loc_region,loc_state,loc_city,loc_neighborhood,loc_zip_code,loc_latitude,loc_longitude,contract_status
8C24FDFD51C0DD7D,CREDENTIALED,HOUSTON MEMORIAL GENERAL HOSPITAL,GENERAL HOSPITAL,MIDWEST,MICHIGAN,DETROIT,METROPOLITAN AREA,27601,42.2393668826143,-83.09197768184453,CREDENTIALED
790692CFB54CDAE5,CREDENTIALED,HOUSTON CENTRAL GENERAL HOSPITAL,GENERAL HOSPITAL,NORTHEAST,MARYLAND,BALTIMORE,METROPOLITAN AREA,60601,39.379897926675156,-76.6255365789071,CREDENTIALED
C0862ECBAA386259,CREDENTIALED,HOUSTON MEMORIAL GENERAL HOSPITAL,GENERAL HOSPITAL,SOUTH,OKLAHOMA,OKLAHOMA CITY,METROPOLITAN AREA,35201,35.448114131340205,-97.41109554749579,CREDENTIALED
EBB9725FB4DAC702,CREDENTIALED,MEMORIAL PRIVATE CLINIC OF HOUSTON,PRIVATE CLINIC,MIDWEST,OHIO,COLUMBUS,METROPOLITAN AREA,37201,39.94886384522404,-83.00853814742689,CREDENTIALED
166152B2-3198-45,CREDENTIALED,NORTHSIDE PRIVATE CLINIC OF HOUSTON,PRIVATE CLINIC,SOUTH,LOUISIANA,NEW ORLEANS,METROPOLITAN AREA,02101,29.987662122955076,-90.09179465005187,CREDENTIALED
40D777F7-0A54-4E,CREDENTIALED,HOUSTON NORTHSIDE GENERAL HOSPITAL,GENERAL HOSPITAL,SOUTH,SOUTH CAROLINA,COLUMBIA,METROPOLITAN AREA,84101,34.03591603440709,-81.0412402771061,CREDENTIALED
BA2F0C2ED074180B,NOT CREDENTIALED,MEMORIAL EMERGENCY CENTER CENTER OF NASHVILLE,EMERGENCY CENTER,NORTHEAST,NEW JERSEY,NEWARK,METROPOLITAN AREA,21201,40.6328200469431,-74.17207459339754,NOT CREDENTIALED
A595301361D4CAF4,CREDENTIALED,HORIZON SPECIALTY MEDICAL CENTER CENTER OF HOUSTON,SPECIALTY MEDICAL CENTER,NORTHEAST,CONNECTICUT,HARTFORD,METROPOLITAN AREA,73101,41.80738885121435,-72.7244593440756,CREDENTIALED
24269C789A82B739,NOT CREDENTIALED,HORIZON EMERGENCY CENTER CENTER OF NASHVILLE,EMERGENCY CENTER,SOUTH,ALABAMA,BIRMINGHAM,METROPOLITAN AREA,30301,33.43262760010214,-86.83331784899742,NOT CREDENTIALED
AFAFCBBE-2A6F-4C,NOT CREDENTIALED,HORIZON EMERGENCY CENTER CENTER OF NASHVILLE,EMERGENCY CENTER,MIDWEST,MICHIGAN,DETROIT,METROPOLITAN AREA,85001,42.382394709418215,-82.97078583299842,NOT CREDENTIALED
P3023,NOT CREDENTIALED,HORIZON EMERGENCY CENTER CENTER OF NASHVILLE,EMERGENCY CENTER,SOUTH,OKLAHOMA,OKLAHOMA CITY,METROPOLITAN AREA,10001,35.492524073067706,-97.5711161226029,NOT CREDENTIALED
P3082,CREDENTIALED,HOUSTON NORTHSIDE GENERAL HOSPITAL,GENERAL HOSPITAL,NORTHEAST,PENNSYLVANIA,PHILADELPHIA,METROPOLITAN AREA,19101,39.89220087374262,-75.20817384845242,CREDENTIALED
P3098,CREDENTIALED,HOUSTON MEMORIAL GENERAL HOSPITAL,GENERAL HOSPITAL,MIDWEST,INDIANA,INDIANAPOLIS,METROPOLITAN AREA,90001,39.76222879826688,-86.1039835767835,CREDENTIALED
P3107,CREDENTIALED,HOUSTON MEMORIAL GENERAL HOSPITAL,GENERAL HOSPITAL,SOUTH,LOUISIANA,NEW ORLEANS,METROPOLITAN AREA,35201,30.03376113942538,-90.0474680881799,CREDENTIALED
P3121,CREDENTIALED,HORIZON SPECIALTY MEDICAL CENTER CENTER OF HOUSTON,SPECIALTY MEDICAL CENTER,SOUTH,KENTUCKY,LOUISVILLE,METROPOLITAN AREA,90001,38.18031756130091,-85.84053456134914,CREDENTIALED
EBEFEEF30CF6C9D3,CREDENTIALED,ST JUDE PRIVATE CLINIC OF HOUSTON,PRIVATE CLINIC,SOUTH,SOUTH CAROLINA,COLUMBIA,METROPOLITAN AREA,44101,34.08453290634804,-81.03758098673939,CREDENTIALED
3989FD5F922B30D1,CREDENTIALED,HORIZON EMERGENCY CENTER CENTER OF HOUSTON,EMERGENCY CENTER,MIDWEST,MICHIGAN,DETROIT,METROPOLITAN AREA,84101,42.42451027912552,-82.96413434444445,CREDENTIALED
274324D7C7223DEE,NOT CREDENTIALED,HOUSTON PRESBYTERIAN WOMENS AND CHILDRENS HOSPITAL,WOMENS AND CHILDRENS HOSPITAL,MIDWEST,INDIANA,INDIANAPOLIS,METROPOLITAN AREA,60601,39.836889849733,-86.15929295569411,NOT CREDENTIALED
40D777F7-0A54-4E,CREDENTIALED,HOUSTON NORTHSIDE GENERAL HOSPITAL,GENERAL HOSPITAL,SOUTH,TEXAS,HOUSTON,METROPOLITAN AREA,85001,29.71648278426757,-95.4294917046225,CREDENTIALED
P3116,CREDENTIALED,HORIZON EMERGENCY CENTER CENTER OF HOUSTON,EMERGENCY CENTER,WEST,COLORADO,DENVER,METROPOLITAN AREA,10001,39.708788993520784,-105.08261432173737,CREDENTIALED
0A911C7BB93A0D26,CREDENTIALED,HOUSTON LEGACY WOMENS AND CHILDRENS HOSPITAL,WOMENS AND CHILDRENS HOSPITAL,SOUTH,ALABAMA,BIRMINGHAM,METROPOLITAN AREA,93701,33.48763633557745,-86.78589044877577,CREDENTIALED
5F51F644A8CE8B2A,NOT CREDENTIALED,NASHVILLE PRESBYTERIAN GENERAL HOSPITAL,GENERAL HOSPITAL,SOUTH,GEORGIA,ATLANTA,METROPOLITAN AREA,19101,33.78763092775022,-84.31772784442778,NOT CREDENTIALED
75F9351AB1DD7B8D,CREDENTIALED,WELLNESS PRIVATE CLINIC OF HOUSTON,PRIVATE CLINIC,SOUTH,FLORIDA,ORLANDO,METROPOLITAN AREA,55401,28.45745117172255,-81.33458161500653,CREDENTIALED
4FD2BEC8-5FBF-47,NOT CREDENTIALED,HOUSTON MERCY GENERAL HOSPITAL,GENERAL HOSPITAL,SOUTH,KENTUCKY,LOUISVILLE,METROPOLITAN AREA,46201,38.3237769450217,-85.79899595282713,NOT CREDENTIALED
8B08A5E8-DD8E-4B,CREDENTIALED,PRESBYTERIAN PRIVATE CLINIC OF HOUSTON,PRIVATE CLINIC,NORTHEAST,MARYLAND,BALTIMORE,METROPOLITAN AREA,10001,39.31311808134768,-76.69331703364956,CREDENTIALED
CD2F6130-4E18-41,CREDENTIALED,NASHVILLE PRESBYTERIAN GENERAL HOSPITAL,GENERAL HOSPITAL,SOUTH,VIRGINIA,RICHMOND,METROPOLITAN AREA,97201,37.45821951862344,-77.48393110535862,CREDENTIALED
D44A8001-F99C-46,CREDENTIALED,ST JUDE SPECIALTY MEDICAL CENTER CENTER OF HOUSTON,SPECIALTY MEDICAL CENTER,WEST,WASHINGTON,SEATTLE,METROPOLITAN AREA,53201,47.60938678056091,-122.25757400229638,CREDENTIALED
P3025,CREDENTIALED,ST JUDE SPECIALTY MEDICAL CENTER CENTER OF HOUSTON,SPECIALTY MEDICAL CENTER,MIDWEST,MICHIGAN,DETROIT,METROPOLITAN AREA,90001,42.31989142662316,-83.122157860232,CREDENTIALED
P3123,CREDENTIALED,WELLNESS PRIVATE CLINIC OF HOUSTON,PRIVATE CLINIC,SOUTH,OKLAHOMA,OKLAHOMA CITY,METROPOLITAN AREA,94101,35.47553309119343,-97.5431622645693,CREDENTIALED
P3134,CREDENTIALED,NASHVILLE PRESBYTERIAN GENERAL HOSPITAL,GENERAL HOSPITAL,SOUTH,KENTUCKY,LOUISVILLE,METROPOLITAN AREA,37201,38.23990509539332,-85.84969578761194,CREDENTIALED
B288D46A9E2D5C84,CREDENTIALED,HOUSTON NORTHSIDE GENERAL HOSPITAL,GENERAL HOSPITAL,SOUTH,KENTUCKY,LOUISVILLE,METROPOLITAN AREA,77001,38.331872531639156,-85.65531390504552,CREDENTIALED
BEB6A45277EE61DB,CREDENTIALED,CENTRAL PRIVATE CLINIC OF NASHVILLE,PRIVATE CLINIC,NORTHEAST,PENNSYLVANIA,PHILADELPHIA,METROPOLITAN AREA,63101,39.991444590069285,-75.06233626238405,CREDENTIALED
959617CE0ED40183,CREDENTIALED,LEGACY SPECIALTY MEDICAL CENTER CENTER OF NASHVILLE,SPECIALTY MEDICAL CENTER,NORTHEAST,NEW YORK,NEW YORK CITY,METROPOLITAN AREA,78701,40.74229732728601,-74.04701064040687,CREDENTIALED
B717110A52BA6EF6,NOT CREDENTIALED,HOUSTON PRESBYTERIAN WOMENS AND CHILDRENS HOSPITAL,WOMENS AND CHILDRENS HOSPITAL,NORTHEAST,NEW YORK,NEW YORK CITY,METROPOLITAN AREA,28201,40.7463492373283,-74.00107077765115,NOT CREDENTIALED
EB8CDA2D-366C-4E,CREDENTIALED,MEMORIAL PRIVATE CLINIC OF HOUSTON,PRIVATE CLINIC,NORTHEAST,NEW JERSEY,NEWARK,METROPOLITAN AREA,84101,40.75243076633246,-74.0744388084928,CREDENTIALED
582DABD3-F0D8-41,CREDENTIALED,UNITY EMERGENCY CENTER CENTER OF HOUSTON,EMERGENCY CENTER,WEST,OREGON,PORTLAND,METROPOLITAN AREA,30301,45.46226389145312,-122.7343751480263,CREDENTIALED
EC8A0F70-4787-4F,CREDENTIALED,PRESBYTERIAN EMERGENCY CENTER CENTER OF HOUSTON,EMERGENCY CENTER,NORTHEAST,NEW JERSEY,NEWARK,METROPOLITAN AREA,29201,40.725027395063535,-74.26346062351134,CREDENTIALED
C4339020-621D-4A,CREDENTIALED,HOUSTON ST JUDE GENERAL HOSPITAL,GENERAL HOSPITAL,SOUTH,KENTUCKY,LOUISVILLE,METROPOLITAN AREA,78701,38.2988660792761,-85.75288039311035,CREDENTIALED
92F9FBB8388914D3,CREDENTIALED,HOUSTON MEMORIAL GENERAL HOSPITAL,GENERAL HOSPITAL,SOUTH,FLORIDA,ORLANDO,METROPOLITAN AREA,28201,28.478611440925903,-81.41725869614642,CREDENTIALED
7F12CDCB-FA39-4F,NOT CREDENTIALED,HOUSTON ST JUDE WOMENS AND CHILDRENS HOSPITAL,WOMENS AND CHILDRENS HOSPITAL,NORTHEAST,MASSACHUSETTS,BOSTON,METROPOLITAN AREA,78701,42.41301426641284,-71.0931952556724,NOT CREDENTIALED
40096359-88C8-4A,CREDENTIALED,HORIZON EMERGENCY CENTER CENTER OF HOUSTON,EMERGENCY CENTER,SOUTH,KENTUCKY,LOUISVILLE,METROPOLITAN AREA,98101,38.21258813375422,-85.71758569093384,CREDENTIALED
P3033,CREDENTIALED,PRESBYTERIAN EMERGENCY CENTER CENTER OF HOUSTON,EMERGENCY CENTER,WEST,ARIZONA,PHOENIX,METROPOLITAN AREA,97201,33.52871370034608,-112.14094272150852,CREDENTIALED
P3087,CREDENTIALED,UNITY EMERGENCY CENTER CENTER OF HOUSTON,EMERGENCY CENTER,SOUTH,VIRGINIA,RICHMOND,METROPOLITAN AREA,10001,37.60748097168566,-77.5112070855648,CREDENTIALED
P3115,CREDENTIALED,HOUSTON MEMORIAL GENERAL HOSPITAL,GENERAL HOSPITAL,SOUTH,VIRGINIA,RICHMOND,METROPOLITAN AREA,63101,37.59276836595325,-77.42922915600786,CREDENTIALED
P3127,NOT CREDENTIALED,HOUSTON PRESBYTERIAN WOMENS AND CHILDRENS HOSPITAL,WOMENS AND CHILDRENS HOSPITAL,SOUTH,TENNESSEE,NASHVILLE,METROPOLITAN AREA,75201,36.16156672174878,-86.7776035033794,NOT CREDENTIALED
P3136,CREDENTIALED,HORIZON EMERGENCY CENTER CENTER OF HOUSTON,EMERGENCY CENTER,SOUTH,OKLAHOMA,OKLAHOMA CITY,METROPOLITAN AREA,32801,35.49370164501878,-97.55324710220538,CREDENTIALED
A595301361D4CAF4,CREDENTIALED,HORIZON SPECIALTY MEDICAL CENTER CENTER OF HOUSTON,SPECIALTY MEDICAL CENTER,NORTHEAST,NEW YORK,NEW YORK CITY,METROPOLITAN AREA,85001,40.67636074230106,-73.97250440825522,CREDENTIALED
D89E95744DEE7C02,CREDENTIALED,HOUSTON WELLNESS GENERAL HOSPITAL,GENERAL HOSPITAL,SOUTH,FLORIDA,ORLANDO,METROPOLITAN AREA,40201,28.434794646899594,-81.49919323441354,CREDENTIALED
36BDCFF97832F31A,CREDENTIALED,CENTRAL PRIVATE CLINIC OF HOUSTON,PRIVATE CLINIC,SOUTH,TENNESSEE,NASHVILLE,METROPOLITAN AREA,77001,36.087446966676914,-86.71401886432665,CREDENTIALED
40096359-88C8-4A,CREDENTIALED,HORIZON EMERGENCY CENTER CENTER OF HOUSTON,EMERGENCY CENTER,NORTHEAST,MARYLAND,BALTIMORE,METROPOLITAN AREA,85001,39.32440857268049,-76.62939023665825,CREDENTIALED
P3029,CREDENTIALED,HORIZON SPECIALTY MEDICAL CENTER CENTER OF HOUSTON,SPECIALTY MEDICAL CENTER,MIDWEST,MICHIGAN,DETROIT,METROPOLITAN AREA,98101,42.41635893818266,-83.04120024551291,CREDENTIALED
P3044,CREDENTIALED,HORIZON SPECIALTY MEDICAL CENTER CENTER OF HOUSTON,SPECIALTY MEDICAL CENTER,WEST,CALIFORNIA,LOS ANGELES,METROPOLITAN AREA,55401,34.03406604843393,-118.22418589430077,CREDENTIALED
P3072,CREDENTIALED,HORIZON EMERGENCY CENTER CENTER OF HOUSTON,EMERGENCY CENTER,NORTHEAST,PENNSYLVANIA,PHILADELPHIA,METROPOLITAN AREA,29201,39.99397957087185,-75.21044979329359,CREDENTIALED
8D6FC69A301BD4D0,CREDENTIALED,HOUSTON LEGACY WOMENS AND CHILDRENS HOSPITAL,WOMENS AND CHILDRENS HOSPITAL,NORTHEAST,NEW YORK,NEW YORK CITY,METROPOLITAN AREA,94101,40.63108782235286,-73.98473535700377,CREDENTIALED
A728E59B0D27792A,CREDENTIALED,WELLNESS PRIVATE CLINIC OF HOUSTON,PRIVATE CLINIC,WEST,COLORADO,DENVER,METROPOLITAN AREA,70101,39.65911825662447,-105.04472450970322,CREDENTIALED
2617D936-0D81-47,CREDENTIALED,PRESBYTERIAN EMERGENCY CENTER CENTER OF HOUSTON,EMERGENCY CENTER,SOUTH,TENNESSEE,NASHVILLE,METROPOLITAN AREA,97201,36.10202376014369,-86.74459927020033,CREDENTIALED
EB6A6714-DB78-43,CREDENTIALED,NORTHSIDE PRIVATE CLINIC OF HOUSTON,PRIVATE CLINIC,SOUTH,VIRGINIA,RICHMOND,METROPOLITAN AREA,78701,37.505094675265404,-77.34411680596268,CREDENTIALED
7F12CDCB-FA39-4F,NOT CREDENTIALED,HOUSTON ST JUDE WOMENS AND CHILDRENS HOSPITAL,WOMENS AND CHILDRENS HOSPITAL,SOUTH,ALABAMA,BIRMINGHAM,METROPOLITAN AREA,33601,33.55230249673471,-86.72574132212131,NOT CREDENTIALED
274548D4-F5CE-40,CREDENTIALED,NORTHSIDE SPECIALTY MEDICAL CENTER CENTER OF HOUSTON,SPECIALTY MEDICAL CENTER,NORTHEAST,PENNSYLVANIA,PHILADELPHIA,METROPOLITAN AREA,85001,39.92187661455596,-75.16699987306995,CREDENTIALED
C64AC94C-3163-44,CREDENTIALED,WELLNESS EMERGENCY CENTER CENTER OF HOUSTON,EMERGENCY CENTER,MIDWEST,MINNESOTA,MINNEAPOLIS,METROPOLITAN AREA,07101,44.91919350938544,-93.22132495957828,CREDENTIALED
3F693DB4-CF9A-4A,NOT CREDENTIALED,NORTHSIDE SPECIALTY MEDICAL CENTER CENTER OF HOUSTON,SPECIALTY MEDICAL CENTER,SOUTH,LOUISIANA,NEW ORLEANS,METROPOLITAN AREA,80201,30.007222769419126,-90.0206033142951,NOT CREDENTIALED
58109CCCE1F6EE29,NOT CREDENTIALED,HOUSTON HORIZON WOMENS AND CHILDRENS HOSPITAL,WOMENS AND CHILDRENS HOSPITAL,SOUTH,TENNESSEE,NASHVILLE,METROPOLITAN AREA,07101,36.120971486832644,-86.75817764869258,NOT CREDENTIALED
06B00013-31D0-48,CREDENTIALED,NASHVILLE ST JUDE GENERAL HOSPITAL,GENERAL HOSPITAL,NORTHEAST,CONNECTICUT,HARTFORD,METROPOLITAN AREA,27601,41.68430839970766,-72.62267706946675,CREDENTIALED
P3071,NOT CREDENTIALED,HOUSTON ST JUDE WOMENS AND CHILDRENS HOSPITAL,WOMENS AND CHILDRENS HOSPITAL,SOUTH,SOUTH CAROLINA,COLUMBIA,METROPOLITAN AREA,46201,33.97747381100551,-81.11143044041094,NOT CREDENTIALED
P3112,CREDENTIALED,NASHVILLE ST JUDE GENERAL HOSPITAL,GENERAL HOSPITAL,NORTHEAST,NEW YORK,NEW YORK CITY,METROPOLITAN AREA,33601,40.804148030389335,-73.99387709848428,CREDENTIALED
P3113,NOT CREDENTIALED,NORTHSIDE SPECIALTY MEDICAL CENTER CENTER OF HOUSTON,SPECIALTY MEDICAL CENTER,SOUTH,LOUISIANA,NEW ORLEANS,METROPOLITAN AREA,30301,30.00298037863344,-90.0758075011226,NOT CREDENTIALED
BA2880A3DD06DDE1,NOT CREDENTIALED,NORTHSIDE EMERGENCY CENTER CENTER OF HOUSTON,EMERGENCY CENTER,MIDWEST,ILLINOIS,CHICAGO,METROPOLITAN AREA,44101,41.77667761629804,-87.55228099695685,NOT CREDENTIALED
494218B9200FA676,CREDENTIALED,UNITY PRIVATE CLINIC OF HOUSTON,PRIVATE CLINIC,NORTHEAST,NEW YORK,NEW YORK CITY,METROPOLITAN AREA,70101,40.666494387680515,-73.90791361430665,CREDENTIALED
FEF47D13056C10BF,CREDENTIALED,WELLNESS SPECIALTY MEDICAL CENTER CENTER OF HOUSTON,SPECIALTY MEDICAL CENTER,SOUTH,KENTUCKY,LOUISVILLE,METROPOLITAN AREA,21201,38.292567485712276,-85.8034431578193,CREDENTIALED
D7D3AED0BE7192E8,CREDENTIALED,HOUSTON MEMORIAL GENERAL HOSPITAL,GENERAL HOSPITAL,SOUTH,FLORIDA,ORLANDO,METROPOLITAN AREA,90001,28.47049842442388,-81.3942368322473,CREDENTIALED
8967E603FE17CD77,CREDENTIALED,HOUSTON LEGACY GENERAL HOSPITAL,GENERAL HOSPITAL,SOUTH,OKLAHOMA,OKLAHOMA CITY,METROPOLITAN AREA,70101,35.463584075110404,-97.48300257282789,CREDENTIALED
9FD39407BC2162E7,NOT CREDENTIALED,NASHVILLE LEGACY WOMENS AND CHILDRENS HOSPITAL,WOMENS AND CHILDRENS HOSPITAL,WEST,UTAH,SALT LAKE CITY,METROPOLITAN AREA,40201,40.78482541509476,-111.86753283600932,NOT CREDENTIALED
8708A5B3-2421-41,CREDENTIALED,HOUSTON HORIZON GENERAL HOSPITAL,GENERAL HOSPITAL,NORTHEAST,NEW YORK,NEW YORK CITY,METROPOLITAN AREA,46201,40.62231278343016,-74.00871639240899,CREDENTIALED
D3215FB3-409B-47,NOT CREDENTIALED,HOUSTON ST JUDE WOMENS AND CHILDRENS HOSPITAL,WOMENS AND CHILDRENS HOSPITAL,WEST,CALIFORNIA,LOS ANGELES,METROPOLITAN AREA,44101,34.071503970478894,-118.19833125783805,NOT CREDENTIALED
E1CE9ABA6B027BA1,NOT CREDENTIALED,HOUSTON UNITY GENERAL HOSPITAL,GENERAL HOSPITAL,SOUTH,LOUISIANA,NEW ORLEANS,METROPOLITAN AREA,53201,29.871253926200907,-89.99799765605178,NOT CREDENTIALED
BA2F0C2ED074180B,NOT CREDENTIALED,MEMORIAL EMERGENCY CENTER CENTER OF NASHVILLE,EMERGENCY CENTER,NORTHEAST,MARYLAND,BALTIMORE,METROPOLITAN AREA,19101,39.28942459030446,-76.67924906194888,NOT CREDENTIALED
D0DD18E289D22469,NOT CREDENTIALED,HOUSTON CENTRAL WOMENS AND CHILDRENS HOSPITAL,WOMENS AND CHILDRENS HOSPITAL,WEST,ARIZONA,PHOENIX,METROPOLITAN AREA,48201,33.43114254574779,-112.03441788435659,NOT CREDENTIALED
DC330D23EFE01984,NOT CREDENTIALED,NASHVILLE NORTHSIDE WOMENS AND CHILDRENS HOSPITAL,WOMENS AND CHILDRENS HOSPITAL,SOUTH,GEORGIA,ATLANTA,METROPOLITAN AREA,07101,33.74641242785239,-84.40763467631324,NOT CREDENTIALED
60E45FE0-0E15-43,CREDENTIALED,NORTHSIDE PRIVATE CLINIC OF HOUSTON,PRIVATE CLINIC,SOUTH,TENNESSEE,NASHVILLE,METROPOLITAN AREA,48201,36.13788759428162,-86.8310012877027,CREDENTIALED
A3F164D6-79DA-4D,CREDENTIALED,HOUSTON UNITY GENERAL HOSPITAL,GENERAL HOSPITAL,SOUTH,FLORIDA,ORLANDO,METROPOLITAN AREA,80201,28.44991970286768,-81.46647982105502,CREDENTIALED
46F01B89-8C9A-42,NOT CREDENTIALED,CENTRAL EMERGENCY CENTER CENTER OF NASHVILLE,EMERGENCY CENTER,WEST,ARIZONA,PHOENIX,METROPOLITAN AREA,15201,33.52449684162206,-111.98769659518585,NOT CREDENTIALED
79CD9877070EEB5C,CREDENTIALED,HOUSTON MERCY GENERAL HOSPITAL,GENERAL HOSPITAL,NORTHEAST,MASSACHUSETTS,BOSTON,METROPOLITAN AREA,85001,42.37778504027664,-71.14077197544808,CREDENTIALED
7A0A1990-BCF3-41,NOT CREDENTIALED,NASHVILLE ST JUDE WOMENS AND CHILDRENS HOSPITAL,WOMENS AND CHILDRENS HOSPITAL,WEST,UTAH,SALT LAKE CITY,METROPOLITAN AREA,15201,40.69202586082845,-111.86425487393578,NOT CREDENTIALED
P3015,NOT CREDENTIALED,MEMORIAL EMERGENCY CENTER CENTER OF NASHVILLE,EMERGENCY CENTER,NORTHEAST,NEW JERSEY,NEWARK,METROPOLITAN AREA,27601,40.80113330726525,-74.1818041485148,NOT CREDENTIALED
P3024,NOT CREDENTIALED,MEMORIAL EMERGENCY CENTER CENTER OF NASHVILLE,EMERGENCY CENTER,MIDWEST,INDIANA,INDIANAPOLIS,METROPOLITAN AREA,90001,39.68693295746778,-86.18711531331873,NOT CREDENTIALED
P3028,NOT CREDENTIALED,HOUSTON UNITY GENERAL HOSPITAL,GENERAL HOSPITAL,SOUTH,GEORGIA,ATLANTA,METROPOLITAN AREA,43201,33.80058418678455,-84.4563350967074,NOT CREDENTIALED
P3039,CREDENTIALED,HOUSTON MERCY GENERAL HOSPITAL,GENERAL HOSPITAL,SOUTH,FLORIDA,ORLANDO,METROPOLITAN AREA,10001,28.60909713424827,-81.37739579827196,CREDENTIALED
P3047,NOT CREDENTIALED,HOUSTON CENTRAL WOMENS AND CHILDRENS HOSPITAL,WOMENS AND CHILDRENS HOSPITAL,MIDWEST,OHIO,COLUMBUS,METROPOLITAN AREA,90001,40.03886176176639,-83.0794844616706,NOT CREDENTIALED
P3081,NOT CREDENTIALED,HOUSTON CENTRAL WOMENS AND CHILDRENS HOSPITAL,WOMENS AND CHILDRENS HOSPITAL,NORTHEAST,PENNSYLVANIA,PHILADELPHIA,METROPOLITAN AREA,60601,40.03399664634455,-75.15479272341943,NOT CREDENTIALED
P3097,NOT CREDENTIALED,CENTRAL EMERGENCY CENTER CENTER OF NASHVILLE,EMERGENCY CENTER,NORTHEAST,CONNECTICUT,HARTFORD,METROPOLITAN AREA,48201,41.79281993856823,-72.71056113832341,NOT CREDENTIALED
P3118,CREDENTIALED,HOUSTON MERCY GENERAL HOSPITAL,GENERAL HOSPITAL,MIDWEST,MICHIGAN,DETROIT,METROPOLITAN AREA,90001,42.32651708641109,-83.08700493037445,CREDENTIALED
P3143,CREDENTIALED,HOUSTON MERCY GENERAL HOSPITAL,GENERAL HOSPITAL,MIDWEST,MISSOURI,ST. LOUIS,METROPOLITAN AREA,40201,38.65160149132389,-90.23715795509595,CREDENTIALED
533B86CF80B3C4B6,NOT CREDENTIALED,UNITY SPECIALTY MEDICAL CENTER CENTER OF HOUSTON,SPECIALTY MEDICAL CENTER,WEST,COLORADO,DENVER,METROPOLITAN AREA,21201,39.74339249657073,-104.95187401723894,NOT CREDENTIALED
781083915EA024E9,CREDENTIALED,ST JUDE PRIVATE CLINIC OF HOUSTON,PRIVATE CLINIC,MIDWEST,OHIO,COLUMBUS,METROPOLITAN AREA,29201,39.943914563127905,-83.06472772522379,CREDENTIALED
E66C12677EEC30CF,CREDENTIALED,HORIZON SPECIALTY MEDICAL CENTER CENTER OF HOUSTON,SPECIALTY MEDICAL CENTER,SOUTH,OKLAHOMA,OKLAHOMA CITY,METROPOLITAN AREA,02101,35.48112091086876,-97.44113520810048,CREDENTIALED
7A0A1990-BCF3-41,NOT CREDENTIALED,NASHVILLE ST JUDE WOMENS AND CHILDRENS HOSPITAL,WOMENS AND CHILDRENS HOSPITAL,SOUTH,TENNESSEE,NASHVILLE,METROPOLITAN AREA,75201,36.25940894533336,-86.70797610291866,NOT CREDENTIALED
5200E29C3327B4A2,CREDENTIALED,MERCY EMERGENCY CENTER CENTER OF HOUSTON,EMERGENCY CENTER,MIDWEST,MISSOURI,ST. LOUIS,METROPOLITAN AREA,29201,38.595793618534714,-90.22524011820408,CREDENTIALED
P3011,CREDENTIALED,MERCY EMERGENCY CENTER CENTER OF HOUSTON,EMERGENCY CENTER,MIDWEST,MINNESOTA,MINNEAPOLIS,METROPOLITAN AREA,75201,44.99765172887048,-93.23321248500174,CREDENTIALED
P3035,NOT CREDENTIALED,NASHVILLE ST JUDE WOMENS AND CHILDRENS HOSPITAL,WOMENS AND CHILDRENS HOSPITAL,NORTHEAST,NEW JERSEY,NEWARK,METROPOLITAN AREA,23201,40.70302085404729,-74.07050263442966,NOT CREDENTIALED
P3061,NOT CREDENTIALED,UNITY SPECIALTY MEDICAL CENTER CENTER OF HOUSTON,SPECIALTY MEDICAL CENTER,NORTHEAST,PENNSYLVANIA,PHILADELPHIA,METROPOLITAN AREA,93701,40.04830481177603,-75.06404068607985,NOT CREDENTIALED
P3073,NOT CREDENTIALED,NASHVILLE ST JUDE WOMENS AND CHILDRENS HOSPITAL,WOMENS AND CHILDRENS HOSPITAL,NORTHEAST,MARYLAND,BALTIMORE,METROPOLITAN AREA,15201,39.37283957831317,-76.54127966860092,NOT CREDENTIALED
P3096,NOT CREDENTIALED,UNITY SPECIALTY MEDICAL CENTER CENTER OF HOUSTON,SPECIALTY MEDICAL CENTER,SOUTH,OKLAHOMA,OKLAHOMA CITY,METROPOLITAN AREA,30301,35.54696918635987,-97.46563133692703,NOT CREDENTIALED
P3106,CREDENTIALED,HORIZON SPECIALTY MEDICAL CENTER CENTER OF HOUSTON,SPECIALTY MEDICAL CENTER,SOUTH,OKLAHOMA,OKLAHOMA CITY,METROPOLITAN AREA,10001,35.48877796686665,-97.58169971504327,CREDENTIALED
P3119,CREDENTIALED,HORIZON SPECIALTY MEDICAL CENTER CENTER OF HOUSTON,SPECIALTY MEDICAL CENTER,MIDWEST,MISSOURI,ST. LOUIS,METROPOLITAN AREA,43201,38.64593688984207,-90.21832564160633,CREDENTIALED
E26D77DC0AC603B9,CREDENTIALED,HOUSTON NORTHSIDE GENERAL HOSPITAL,GENERAL HOSPITAL,MIDWEST,WISCONSIN,MILWAUKEE,METROPOLITAN AREA,06101,43.03043144609867,-87.99619271256154,CREDENTIALED
9FF0F8ACB43225BF,CREDENTIALED,CENTRAL PRIVATE CLINIC OF HOUSTON,PRIVATE CLINIC,NORTHEAST,NEW YORK,NEW YORK CITY,METROPOLITAN AREA,80201,40.793071866594275,-73.92136438980546,CREDENTIALED
E74A0572-297D-47,CREDENTIALED,CENTRAL SPECIALTY MEDICAL CENTER CENTER OF HOUSTON,SPECIALTY MEDICAL CENTER,MIDWEST,MINNESOTA,MINNEAPOLIS,METROPOLITAN AREA,63101,45.06452129306816,-93.30272847849352,CREDENTIALED
24269C789A82B739,NOT CREDENTIALED,HORIZON EMERGENCY CENTER CENTER OF NASHVILLE,EMERGENCY CENTER,MIDWEST,MINNESOTA,MINNEAPOLIS,METROPOLITAN AREA,60601,44.90498461824749,-93.34518915316723,NOT CREDENTIALED
E74A0572-297D-47,CREDENTIALED,CENTRAL SPECIALTY MEDICAL CENTER CENTER OF HOUSTON,SPECIALTY MEDICAL CENTER,MIDWEST,WISCONSIN,MILWAUKEE,METROPOLITAN AREA,10001,42.990959202886536,-87.86378139274926,CREDENTIALED
F37C9DBB-BBDA-45,CREDENTIALED,NORTHSIDE EMERGENCY CENTER CENTER OF HOUSTON,EMERGENCY CENTER,MIDWEST,ILLINOIS,CHICAGO,METROPOLITAN AREA,43201,41.87926666495653,-87.64493603750667,CREDENTIALED
582DABD3-F0D8-41,CREDENTIALED,UNITY EMERGENCY CENTER CENTER OF HOUSTON,EMERGENCY CENTER,SOUTH,SOUTH CAROLINA,COLUMBIA,METROPOLITAN AREA,55401,33.94102488246286,-80.98443317599855,CREDENTIALED
P3009,CREDENTIALED,UNITY EMERGENCY CENTER CENTER OF HOUSTON,EMERGENCY CENTER,SOUTH,ALABAMA,BIRMINGHAM,METROPOLITAN AREA,33101,33.59848807658601,-86.7850935503161,CREDENTIALED
P3038,CREDENTIALED,CENTRAL SPECIALTY MEDICAL CENTER CENTER OF HOUSTON,SPECIALTY MEDICAL CENTER,WEST,WASHINGTON,SEATTLE,METROPOLITAN AREA,97201,47.52460774011129,-122.32047753091122,CREDENTIALED
P3066,CREDENTIALED,UNITY EMERGENCY CENTER CENTER OF HOUSTON,EMERGENCY CENTER,WEST,OREGON,PORTLAND,METROPOLITAN AREA,90001,45.543384359621626,-122.76315739069865,CREDENTIALED
P3131,CREDENTIALED,CENTRAL SPECIALTY MEDICAL CENTER CENTER OF HOUSTON,SPECIALTY MEDICAL CENTER,WEST,CALIFORNIA,LOS ANGELES,METROPOLITAN AREA,78701,34.113527089806894,-118.18408335128346,CREDENTIALED
P3146,NOT CREDENTIALED,HORIZON EMERGENCY CENTER CENTER OF NASHVILLE,EMERGENCY CENTER,WEST,OREGON,PORTLAND,METROPOLITAN AREA,97201,45.48948639953567,-122.5790320602735,NOT CREDENTIALED
102693846919A680,CREDENTIALED,NASHVILLE ST JUDE GENERAL HOSPITAL,GENERAL HOSPITAL,SOUTH,NORTH CAROLINA,CHARLOTTE,METROPOLITAN AREA,28201,35.24639579335781,-80.82383202718447,CREDENTIALED
DD2C0CCDCF248E5B,CREDENTIALED,MERCY EMERGENCY CENTER CENTER OF HOUSTON,EMERGENCY CENTER,WEST,CALIFORNIA,LOS ANGELES,METROPOLITAN AREA,28201,34.065999750017745,-118.19706631730368,CREDENTIALED
7C7FBF1FC59F2EDB,CREDENTIALED,NASHVILLE MERCY GENERAL HOSPITAL,GENERAL HOSPITAL,SOUTH,KENTUCKY,LOUISVILLE,METROPOLITAN AREA,75201,38.19690882935995,-85.68615039692466,CREDENTIALED
D44A8001-F99C-46,CREDENTIALED,ST JUDE SPECIALTY MEDICAL CENTER CENTER OF HOUSTON,SPECIALTY MEDICAL CENTER,NORTHEAST,PENNSYLVANIA,PHILADELPHIA,METROPOLITAN AREA,37201,39.91106966052132,-75.23980509988039,CREDENTIALED
A409662B-2378-42,CREDENTIALED,LEGACY PRIVATE CLINIC OF HOUSTON,PRIVATE CLINIC,SOUTH,KENTUCKY,LOUISVILLE,METROPOLITAN AREA,02101,38.25922158317918,-85.78916521623565,CREDENTIALED
1D34B971-E974-4B,CREDENTIALED,HOUSTON LEGACY GENERAL HOSPITAL,GENERAL HOSPITAL,SOUTH,FLORIDA,ORLANDO,METROPOLITAN AREA,44101,28.585884261030763,-81.38554578947053,CREDENTIALED
03C4B5A7-2A18-4F,CREDENTIALED,NORTHSIDE EMERGENCY CENTER CENTER OF HOUSTON,EMERGENCY CENTER,SOUTH,TEXAS,HOUSTON,METROPOLITAN AREA,90001,29.82940738560232,-95.44659721004508,CREDENTIALED
P3007,CREDENTIALED,LEGACY PRIVATE CLINIC OF HOUSTON,PRIVATE CLINIC,WEST,UTAH,SALT LAKE CITY,METROPOLITAN AREA,77001,40.84761316665749,-111.94838982541258,CREDENTIALED
P3012,CREDENTIALED,NASHVILLE ST JUDE GENERAL HOSPITAL,GENERAL HOSPITAL,SOUTH,TENNESSEE,NASHVILLE,METROPOLITAN AREA,19101,36.06021061532452,-86.68468804699866,CREDENTIALED
P3017,CREDENTIALED,NORTHSIDE EMERGENCY CENTER CENTER OF HOUSTON,EMERGENCY CENTER,WEST,OREGON,PORTLAND,METROPOLITAN AREA,32801,45.540195504428006,-122.74735224386559,CREDENTIALED
P3041,CREDENTIALED,NASHVILLE ST JUDE GENERAL HOSPITAL,GENERAL HOSPITAL,NORTHEAST,MASSACHUSETTS,BOSTON,METROPOLITAN AREA,33101,42.36100104321961,-71.0959078751254,CREDENTIALED
P3054,CREDENTIALED,NORTHSIDE EMERGENCY CENTER CENTER OF HOUSTON,EMERGENCY CENTER,MIDWEST,MISSOURI,ST. LOUIS,METROPOLITAN AREA,75201,38.58605219351271,-90.09825686434047,CREDENTIALED
P3083,CREDENTIALED,ST JUDE SPECIALTY MEDICAL CENTER CENTER OF HOUSTON,SPECIALTY MEDICAL CENTER,WEST,UTAH,SALT LAKE CITY,METROPOLITAN AREA,48201,40.72847156659315,-111.96543031183896,CREDENTIALED
P3104,CREDENTIALED,NORTHSIDE EMERGENCY CENTER CENTER OF HOUSTON,EMERGENCY CENTER,SOUTH,VIRGINIA,RICHMOND,METROPOLITAN AREA,98101,37.59353760207915,-77.34529270676887,CREDENTIALED
P3130,CREDENTIALED,LEGACY PRIVATE CLINIC OF HOUSTON,PRIVATE CLINIC,WEST,ARIZONA,PHOENIX,METROPOLITAN AREA,10001,33.42621580231782,-112.00977190076802,CREDENTIALED
FC3A5DE97F772BBF,CREDENTIALED,MEMORIAL EMERGENCY CENTER CENTER OF HOUSTON,EMERGENCY CENTER,SOUTH,KENTUCKY,LOUISVILLE,METROPOLITAN AREA,90001,38.24216595907476,-85.83896079845782,CREDENTIALED
10959C279ABC6763,NOT CREDENTIALED,HOUSTON MERCY WOMENS AND CHILDRENS HOSPITAL,WOMENS AND CHILDRENS HOSPITAL,NORTHEAST,PENNSYLVANIA,PHILADELPHIA,METROPOLITAN AREA,97201,40.04752082257957,-75.15471316961879,NOT CREDENTIALED
DE25DB32-A840-4C,CREDENTIALED,PRESBYTERIAN PRIVATE CLINIC OF HOUSTON,PRIVATE CLINIC,WEST,OREGON,PORTLAND,METROPOLITAN AREA,33101,45.44867709385221,-122.67975258740117,CREDENTIALED
C7B23EF2-12A5-4E,NOT CREDENTIALED,HOUSTON CENTRAL WOMENS AND CHILDRENS HOSPITAL,WOMENS AND CHILDRENS HOSPITAL,MIDWEST,MISSOURI,ST. LOUIS,METROPOLITAN AREA,30301,38.66981020473338,-90.22021936070772,NOT CREDENTIALED
D4862C47-FD5B-48,CREDENTIALED,ST JUDE PRIVATE CLINIC OF HOUSTON,PRIVATE CLINIC,NORTHEAST,CONNECTICUT,HARTFORD,METROPOLITAN AREA,10001,41.66654656964645,-72.57882741266901,CREDENTIALED
DADC7E9F-D96C-44,NOT CREDENTIALED,HOUSTON LEGACY GENERAL HOSPITAL,GENERAL HOSPITAL,WEST,ARIZONA,PHOENIX,METROPOLITAN AREA,43201,33.50736045583819,-112.04881196843233,NOT CREDENTIALED
9EA353C18A53062B,CREDENTIALED,HOUSTON MERCY GENERAL HOSPITAL,GENERAL HOSPITAL,SOUTH,NORTH CAROLINA,CHARLOTTE,METROPOLITAN AREA,94101,35.14755389187402,-80.78100617713709,CREDENTIALED
P3108,NOT CREDENTIALED,HOUSTON MERCY WOMENS AND CHILDRENS HOSPITAL,WOMENS AND CHILDRENS HOSPITAL,SOUTH,ALABAMA,BIRMINGHAM,METROPOLITAN AREA,46201,33.50439396026994,-86.71758680739525,NOT CREDENTIALED
P3124,NOT CREDENTIALED,HOUSTON MERCY WOMENS AND CHILDRENS HOSPITAL,WOMENS AND CHILDRENS HOSPITAL,SOUTH,KENTUCKY,LOUISVILLE,METROPOLITAN AREA,30301,38.25762861558405,-85.65207138491132,NOT CREDENTIALED
P3133,CREDENTIALED,MEMORIAL EMERGENCY CENTER CENTER OF HOUSTON,EMERGENCY CENTER,SOUTH,SOUTH CAROLINA,COLUMBIA,METROPOLITAN AREA,53201,34.00507006145257,-81.09163816556386,CREDENTIALED
P3145,NOT CREDENTIALED,HOUSTON CENTRAL WOMENS AND CHILDRENS HOSPITAL,WOMENS AND CHILDRENS HOSPITAL,MIDWEST,ILLINOIS,CHICAGO,METROPOLITAN AREA,23201,41.892629765416046,-87.56731076712677,NOT CREDENTIALED
P3149,NOT CREDENTIALED,HOUSTON MERCY WOMENS AND CHILDRENS HOSPITAL,WOMENS AND CHILDRENS HOSPITAL,WEST,OREGON,PORTLAND,METROPOLITAN AREA,98101,45.44881726971943,-122.76895000341078,NOT CREDENTIALED
B29226F672DB3BD1,CREDENTIALED,PRESBYTERIAN EMERGENCY CENTER CENTER OF HOUSTON,EMERGENCY CENTER,SOUTH,LOUISIANA,NEW ORLEANS,METROPOLITAN AREA,30301,30.02600663167062,-89.99218818327128,CREDENTIALED
46EDFD8C3AED8CBB,CREDENTIALED,NASHVILLE WELLNESS WOMENS AND CHILDRENS HOSPITAL,WOMENS AND CHILDRENS HOSPITAL,MIDWEST,WISCONSIN,MILWAUKEE,METROPOLITAN AREA,06101,42.980289052392294,-87.82748512416208,CREDENTIALED
7825AB82-BE3B-43,CREDENTIALED,HOUSTON WELLNESS GENERAL HOSPITAL,GENERAL HOSPITAL,NORTHEAST,NEW YORK,NEW YORK CITY,METROPOLITAN AREA,07101,40.651382208269965,-74.09977373021266,CREDENTIALED
CD3AB185-69E3-48,NOT CREDENTIALED,ST JUDE EMERGENCY CENTER CENTER OF NASHVILLE,EMERGENCY CENTER,SOUTH,ALABAMA,BIRMINGHAM,METROPOLITAN AREA,93701,33.498579849848014,-86.81928249403363,NOT CREDENTIALED
FA805609-2181-4D,CREDENTIALED,LEGACY SPECIALTY MEDICAL CENTER CENTER OF HOUSTON,SPECIALTY MEDICAL CENTER,NORTHEAST,CONNECTICUT,HARTFORD,METROPOLITAN AREA,90001,41.78923247287178,-72.75378619478622,CREDENTIALED
24269C789A82B739,NOT CREDENTIALED,HORIZON EMERGENCY CENTER CENTER OF NASHVILLE,EMERGENCY CENTER,NORTHEAST,CONNECTICUT,HARTFORD,METROPOLITAN AREA,29201,41.82767359794459,-72.7692613168718,NOT CREDENTIALED
9799FC89-CFC2-40,CREDENTIALED,MEMORIAL EMERGENCY CENTER CENTER OF HOUSTON,EMERGENCY CENTER,NORTHEAST,MARYLAND,BALTIMORE,METROPOLITAN AREA,28201,39.20148429105223,-76.67854648961496,CREDENTIALED
02945E545487599D,CREDENTIALED,HOUSTON ST JUDE GENERAL HOSPITAL,GENERAL HOSPITAL,SOUTH,FLORIDA,ORLANDO,METROPOLITAN AREA,35201,28.52124745388339,-81.46053117185261,CREDENTIALED
533B86CF80B3C4B6,NOT CREDENTIALED,UNITY SPECIALTY MEDICAL CENTER CENTER OF HOUSTON,SPECIALTY MEDICAL CENTER,NORTHEAST,PENNSYLVANIA,PHILADELPHIA,METROPOLITAN AREA,94101,39.88446108307399,-75.16772916278299,NOT CREDENTIALED
P3049,CREDENTIALED,HOUSTON ST JUDE GENERAL HOSPITAL,GENERAL HOSPITAL,MIDWEST,WISCONSIN,MILWAUKEE,METROPOLITAN AREA,35201,43.117743430617146,-87.84127468575215,CREDENTIALED
P3079,CREDENTIALED,MEMORIAL EMERGENCY CENTER CENTER OF HOUSTON,EMERGENCY CENTER,NORTHEAST,NEW YORK,NEW YORK CITY,METROPOLITAN AREA,33101,40.80989495792108,-74.06768736215339,CREDENTIALED
P3110,CREDENTIALED,NASHVILLE WELLNESS WOMENS AND CHILDRENS HOSPITAL,WOMENS AND CHILDRENS HOSPITAL,SOUTH,VIRGINIA,RICHMOND,METROPOLITAN AREA,90001,37.580545041586646,-77.34058918545182,CREDENTIALED
P3135,CREDENTIALED,MEMORIAL EMERGENCY CENTER CENTER OF HOUSTON,EMERGENCY CENTER,WEST,COLORADO,DENVER,METROPOLITAN AREA,94101,39.80378433001144,-105.03176737666274,CREDENTIALED
P3147,NOT CREDENTIALED,UNITY SPECIALTY MEDICAL CENTER CENTER OF HOUSTON,SPECIALTY MEDICAL CENTER,MIDWEST,WISCONSIN,MILWAUKEE,METROPOLITAN AREA,60601,42.99979140711693,-87.9513410851014,NOT CREDENTIALED
9C4BA00F14CF6401,CREDENTIALED,MEMORIAL SPECIALTY MEDICAL CENTER CENTER OF HOUSTON,SPECIALTY MEDICAL CENTER,NORTHEAST,MASSACHUSETTS,BOSTON,METROPOLITAN AREA,33601,42.29884341721605,-71.06784860556581,CREDENTIALED
0001755C2130A713,CREDENTIALED,NASHVILLE MERCY GENERAL HOSPITAL,GENERAL HOSPITAL,SOUTH,KENTUCKY,LOUISVILLE,METROPOLITAN AREA,30301,38.33429786281994,-85.78731696870216,CREDENTIALED
67331C25-F98A-42,CREDENTIALED,LEGACY PRIVATE CLINIC OF HOUSTON,PRIVATE CLINIC,NORTHEAST,CONNECTICUT,HARTFORD,METROPOLITAN AREA,94101,41.71325122839048,-72.65449439397499,CREDENTIALED
B2845C3D-3A06-42,CREDENTIALED,WELLNESS PRIVATE CLINIC OF HOUSTON,PRIVATE CLINIC,WEST,WASHINGTON,SEATTLE,METROPOLITAN AREA,33101,47.54411399006186,-122.41619161001096,CREDENTIALED
A33DB594-3B5A-48,CREDENTIALED,NORTHSIDE EMERGENCY CENTER CENTER OF HOUSTON,EMERGENCY CENTER,WEST,ARIZONA,PHOENIX,METROPOLITAN AREA,55401,33.4553742801814,-112.00795605584564,CREDENTIALED
P3052,CREDENTIALED,WELLNESS PRIVATE CLINIC OF HOUSTON,PRIVATE CLINIC,MIDWEST,MINNESOTA,MINNEAPOLIS,METROPOLITAN AREA,21201,44.98586617843431,-93.17340079909266,CREDENTIALED
P3088,CREDENTIALED,LEGACY PRIVATE CLINIC OF HOUSTON,PRIVATE CLINIC,SOUTH,ALABAMA,BIRMINGHAM,METROPOLITAN AREA,44101,33.58455251796458,-86.86092319365964,CREDENTIALED
P3122,CREDENTIALED,NORTHSIDE EMERGENCY CENTER CENTER OF HOUSTON,EMERGENCY CENTER,SOUTH,VIRGINIA,RICHMOND,METROPOLITAN AREA,06101,37.522317519047455,-77.38869858278522,CREDENTIALED
166C83FC9788A388,CREDENTIALED,HORIZON SPECIALTY MEDICAL CENTER CENTER OF HOUSTON,SPECIALTY MEDICAL CENTER,NORTHEAST,MASSACHUSETTS,BOSTON,METROPOLITAN AREA,19101,42.38929344576122,-71.11389000808421,CREDENTIALED
D1AE93FE8B3F887F,CREDENTIALED,HOUSTON LEGACY GENERAL HOSPITAL,GENERAL HOSPITAL,MIDWEST,MICHIGAN,DETROIT,METROPOLITAN AREA,21201,42.267550395396476,-82.94399539281922,CREDENTIALED
AA2E26835CC7C5E3,NOT CREDENTIALED,NASHVILLE UNITY WOMENS AND CHILDRENS HOSPITAL,WOMENS AND CHILDRENS HOSPITAL,MIDWEST,OHIO,COLUMBUS,METROPOLITAN AREA,80201,39.92084641006722,-83.03828240899487,NOT CREDENTIALED
E26EFE90-B9C3-4D,CREDENTIALED,MERCY EMERGENCY CENTER CENTER OF HOUSTON,EMERGENCY CENTER,SOUTH,ALABAMA,BIRMINGHAM,METROPOLITAN AREA,70101,33.41760681492267,-86.80184636494543,CREDENTIALED
AFAFCBBE-2A6F-4C,NOT CREDENTIALED,HORIZON EMERGENCY CENTER CENTER OF NASHVILLE,EMERGENCY CENTER,SOUTH,OKLAHOMA,OKLAHOMA CITY,METROPOLITAN AREA,28201,35.513429429466996,-97.58536578860522,NOT CREDENTIALED
EC8A0F70-4787-4F,CREDENTIALED,PRESBYTERIAN EMERGENCY CENTER CENTER OF HOUSTON,EMERGENCY CENTER,SOUTH,VIRGINIA,RICHMOND,METROPOLITAN AREA,93701,37.49405451013825,-77.51788197784651,CREDENTIALED
P3067,CREDENTIALED,HORIZON SPECIALTY MEDICAL CENTER CENTER OF HOUSTON,SPECIALTY MEDICAL CENTER,MIDWEST,WISCONSIN,MILWAUKEE,METROPOLITAN AREA,43201,42.94971072494251,-87.80733597661504,CREDENTIALED
P3080,NOT CREDENTIALED,HORIZON EMERGENCY CENTER CENTER OF NASHVILLE,EMERGENCY CENTER,WEST,UTAH,SALT LAKE CITY,METROPOLITAN AREA,33101,40.79518053888471,-111.96216055089941,NOT CREDENTIALED
P3085,NOT CREDENTIALED,NASHVILLE UNITY WOMENS AND CHILDRENS HOSPITAL,WOMENS AND CHILDRENS HOSPITAL,SOUTH,VIRGINIA,RICHMOND,METROPOLITAN AREA,35201,37.51525255882255,-77.37615358171101,NOT CREDENTIALED
BB459177B5800324,CREDENTIALED,HOUSTON PRESBYTERIAN GENERAL HOSPITAL,GENERAL HOSPITAL,WEST,COLORADO,DENVER,METROPOLITAN AREA,70101,39.81430507059952,-104.95523604766909,CREDENTIALED
78BEAC8B586F65BA,CREDENTIALED,NASHVILLE LEGACY GENERAL HOSPITAL,GENERAL HOSPITAL,MIDWEST,OHIO,COLUMBUS,METROPOLITAN AREA,10001,40.05216628750425,-83.03911704935405,CREDENTIALED
0D0017D3A5835834,CREDENTIALED,MEMORIAL EMERGENCY CENTER CENTER OF HOUSTON,EMERGENCY CENTER,SOUTH,SOUTH CAROLINA,COLUMBIA,METROPOLITAN AREA,02101,34.094294350225624,-80.93208962655486,CREDENTIALED
221E381D6F36BB92,CREDENTIALED,NORTHSIDE PRIVATE CLINIC OF HOUSTON,PRIVATE CLINIC,MIDWEST,OHIO,COLUMBUS,METROPOLITAN AREA,28201,40.05942418770056,-82.97243084201907,CREDENTIALED
24E4CF74-2CDC-4F,NOT CREDENTIALED,HOUSTON CENTRAL WOMENS AND CHILDRENS HOSPITAL,WOMENS AND CHILDRENS HOSPITAL,SOUTH,TEXAS,HOUSTON,METROPOLITAN AREA,02101,29.692664592291848,-95.44649618660458,NOT CREDENTIALED
EE69AE80-A70B-4A,CREDENTIALED,HORIZON EMERGENCY CENTER CENTER OF HOUSTON,EMERGENCY CENTER,SOUTH,GEORGIA,ATLANTA,METROPOLITAN AREA,53201,33.67128129820539,-84.37000588420345,CREDENTIALED
107CB956-6236-43,NOT CREDENTIALED,HORIZON SPECIALTY MEDICAL CENTER CENTER OF HOUSTON,SPECIALTY MEDICAL CENTER,SOUTH,NORTH CAROLINA,CHARLOTTE,METROPOLITAN AREA,07101,35.30128449707369,-80.87161096211594,NOT CREDENTIALED
16474D75-F66A-41,CREDENTIALED,HOUSTON WELLNESS GENERAL HOSPITAL,GENERAL HOSPITAL,NORTHEAST,NEW YORK,NEW YORK CITY,METROPOLITAN AREA,60601,40.7528487674502,-74.0618418173702,CREDENTIALED
D0DD18E289D22469,NOT CREDENTIALED,HOUSTON CENTRAL WOMENS AND CHILDRENS HOSPITAL,WOMENS AND CHILDRENS HOSPITAL,SOUTH,TEXAS,HOUSTON,METROPOLITAN AREA,70101,29.794072207329695,-95.45137892829588,NOT CREDENTIALED
P3014,CREDENTIALED,HOUSTON WELLNESS GENERAL HOSPITAL,GENERAL HOSPITAL,NORTHEAST,NEW JERSEY,NEWARK,METROPOLITAN AREA,35201,40.71173216811737,-74.18807919446745,CREDENTIALED
P3018,CREDENTIALED,HOUSTON WELLNESS GENERAL HOSPITAL,GENERAL HOSPITAL,NORTHEAST,CONNECTICUT,HARTFORD,METROPOLITAN AREA,80201,41.77505485044674,-72.63594312163063,CREDENTIALED
P3042,CREDENTIALED,HOUSTON WELLNESS GENERAL HOSPITAL,GENERAL HOSPITAL,SOUTH,SOUTH CAROLINA,COLUMBIA,METROPOLITAN AREA,78701,34.0747607921914,-80.96040401224755,CREDENTIALED
P3045,CREDENTIALED,HOUSTON WELLNESS GENERAL HOSPITAL,GENERAL HOSPITAL,MIDWEST,MICHIGAN,DETROIT,METROPOLITAN AREA,10001,42.24776292108602,-83.0898645798353,CREDENTIALED
P3055,CREDENTIALED,MEMORIAL EMERGENCY CENTER CENTER OF HOUSTON,EMERGENCY CENTER,NORTHEAST,PENNSYLVANIA,PHILADELPHIA,METROPOLITAN AREA,32801,39.96122943340948,-75.1856803914783,CREDENTIALED
P3091,NOT CREDENTIALED,HORIZON SPECIALTY MEDICAL CENTER CENTER OF HOUSTON,SPECIALTY MEDICAL CENTER,SOUTH,VIRGINIA,RICHMOND,METROPOLITAN AREA,97201,37.49339072486322,-77.34159077672024,NOT CREDENTIALED
P3092,CREDENTIALED,NORTHSIDE PRIVATE CLINIC OF HOUSTON,PRIVATE CLINIC,SOUTH,NORTH CAROLINA,CHARLOTTE,METROPOLITAN AREA,78701,35.29258295069342,-80.76998636244005,CREDENTIALED
P3117,NOT CREDENTIALED,HORIZON SPECIALTY MEDICAL CENTER CENTER OF HOUSTON,SPECIALTY MEDICAL CENTER,SOUTH,SOUTH CAROLINA,COLUMBIA,METROPOLITAN AREA,63101,34.020303833344514,-81.05230043461273,NOT CREDENTIALED
P3125,CREDENTIALED,HOUSTON PRESBYTERIAN GENERAL HOSPITAL,GENERAL HOSPITAL,SOUTH,SOUTH CAROLINA,COLUMBIA,METROPOLITAN AREA,02101,33.940540786475694,-81.09819301852589,CREDENTIALED
P3141,CREDENTIALED,HOUSTON PRESBYTERIAN GENERAL HOSPITAL,GENERAL HOSPITAL,WEST,CALIFORNIA,LOS ANGELES,METROPOLITAN AREA,28201,33.96342377122528,-118.27403038555161,CREDENTIALED
02945E545487599D,CREDENTIALED,HOUSTON ST JUDE GENERAL HOSPITAL,GENERAL HOSPITAL,NORTHEAST,CONNECTICUT,HARTFORD,METROPOLITAN AREA,97201,41.83194178666655,-72.61299959231594,CREDENTIALED
94483E9993669F2A,CREDENTIALED,HORIZON PRIVATE CLINIC OF HOUSTON,PRIVATE CLINIC,NORTHEAST,PENNSYLVANIA,PHILADELPHIA,METROPOLITAN AREA,80201,39.990916791258456,-75.22534214549898,CREDENTIALED
24269C789A82B739,NOT CREDENTIALED,HORIZON EMERGENCY CENTER CENTER OF NASHVILLE,EMERGENCY CENTER,MIDWEST,MICHIGAN,DETROIT,METROPOLITAN AREA,40201,42.36070533361535,-82.9443180694382,NOT CREDENTIALED
24A9C026BACF134A,CREDENTIALED,CENTRAL PRIVATE CLINIC OF HOUSTON,PRIVATE CLINIC,WEST,CALIFORNIA,LOS ANGELES,METROPOLITAN AREA,48201,34.05111797722367,-118.27566342762562,CREDENTIALED
0F0C5CA3-FE5B-4E,NOT CREDENTIALED,NASHVILLE CENTRAL GENERAL HOSPITAL,GENERAL HOSPITAL,WEST,ARIZONA,PHOENIX,METROPOLITAN AREA,77001,33.359105779468734,-112.07863567803378,NOT CREDENTIALED
E4CEBD67-8BFC-4D,CREDENTIALED,MERCY EMERGENCY CENTER CENTER OF HOUSTON,EMERGENCY CENTER,SOUTH,FLORIDA,ORLANDO,METROPOLITAN AREA,46201,28.495367900683792,-81.29466649646838,CREDENTIALED
AD319C9D-37AC-4B,NOT CREDENTIALED,HOUSTON HORIZON WOMENS AND CHILDRENS HOSPITAL,WOMENS AND CHILDRENS HOSPITAL,MIDWEST,INDIANA,INDIANAPOLIS,METROPOLITAN AREA,10001,39.78871735768051,-86.1644403001047,NOT CREDENTIALED
102693846919A680,CREDENTIALED,NASHVILLE ST JUDE GENERAL HOSPITAL,GENERAL HOSPITAL,SOUTH,SOUTH CAROLINA,COLUMBIA,METROPOLITAN AREA,75201,33.96754062615416,-81.0985066067404,CREDENTIALED
AA2E26835CC7C5E3,NOT CREDENTIALED,NASHVILLE UNITY WOMENS AND CHILDRENS HOSPITAL,WOMENS AND CHILDRENS HOSPITAL,SOUTH,GEORGIA,ATLANTA,METROPOLITAN AREA,02101,33.70122064469321,-84.45019595242174,NOT CREDENTIALED
P3004,NOT CREDENTIALED,NASHVILLE UNITY WOMENS AND CHILDRENS HOSPITAL,WOMENS AND CHILDRENS HOSPITAL,SOUTH,NORTH CAROLINA,CHARLOTTE,METROPOLITAN AREA,75201,35.12646953246097,-80.80723855748529,NOT CREDENTIALED
P3037,NOT CREDENTIALED,HORIZON EMERGENCY CENTER CENTER OF NASHVILLE,EMERGENCY CENTER,WEST,COLORADO,DENVER,METROPOLITAN AREA,37201,39.67399522461887,-104.89154967613786,NOT CREDENTIALED
P3046,NOT CREDENTIALED,HORIZON EMERGENCY CENTER CENTER OF NASHVILLE,EMERGENCY CENTER,NORTHEAST,MASSACHUSETTS,BOSTON,METROPOLITAN AREA,21201,42.305105863845014,-71.10645514559141,NOT CREDENTIALED
P3056,CREDENTIALED,HOUSTON ST JUDE GENERAL HOSPITAL,GENERAL HOSPITAL,SOUTH,SOUTH CAROLINA,COLUMBIA,METROPOLITAN AREA,43201,33.98622502363482,-80.93964338168155,CREDENTIALED
P3068,NOT CREDENTIALED,HORIZON EMERGENCY CENTER CENTER OF NASHVILLE,EMERGENCY CENTER,WEST,OREGON,PORTLAND,METROPOLITAN AREA,63101,45.5048365174495,-122.64519751378138,NOT CREDENTIALED
P3069,NOT CREDENTIALED,NASHVILLE CENTRAL GENERAL HOSPITAL,GENERAL HOSPITAL,MIDWEST,MICHIGAN,DETROIT,METROPOLITAN AREA,60601,42.36519516844144,-83.11455819004513,NOT CREDENTIALED
P3070,CREDENTIALED,HORIZON PRIVATE CLINIC OF HOUSTON,PRIVATE CLINIC,SOUTH,OKLAHOMA,OKLAHOMA CITY,METROPOLITAN AREA,10001,35.51958317693654,-97.60490253684671,CREDENTIALED
P3099,CREDENTIALED,HORIZON PRIVATE CLINIC OF HOUSTON,PRIVATE CLINIC,MIDWEST,OHIO,COLUMBUS,METROPOLITAN AREA,80201,39.9460899207555,-82.9840478801292,CREDENTIALED
P3102,NOT CREDENTIALED,NASHVILLE CENTRAL GENERAL HOSPITAL,GENERAL HOSPITAL,SOUTH,TEXAS,HOUSTON,METROPOLITAN AREA,94101,29.736113393635332,-95.35505956235433,NOT CREDENTIALED
P3126,NOT CREDENTIALED,NASHVILLE CENTRAL GENERAL HOSPITAL,GENERAL HOSPITAL,SOUTH,VIRGINIA,RICHMOND,METROPOLITAN AREA,07101,37.4449071391975,-77.44106004280162,NOT CREDENTIALED
P3144,NOT CREDENTIALED,NASHVILLE UNITY WOMENS AND CHILDRENS HOSPITAL,WOMENS AND CHILDRENS HOSPITAL,NORTHEAST,MASSACHUSETTS,BOSTON,METROPOLITAN AREA,97201,42.37357978515429,-71.01521617933678,NOT CREDENTIALED
92F9FBB8388914D3,CREDENTIALED,HOUSTON MEMORIAL GENERAL HOSPITAL,GENERAL HOSPITAL,NORTHEAST,MARYLAND,BALTIMORE,METROPOLITAN AREA,46201,39.33565616909644,-76.58488773862814,CREDENTIALED
9E45F9E8-5F13-4C,NOT CREDENTIALED,HOUSTON UNITY WOMENS AND CHILDRENS HOSPITAL,WOMENS AND CHILDRENS HOSPITAL,WEST,COLORADO,DENVER,METROPOLITAN AREA,73101,39.746344777473546,-104.91058903493789,NOT CREDENTIALED
P3058,CREDENTIALED,HOUSTON MEMORIAL GENERAL HOSPITAL,GENERAL HOSPITAL,WEST,CALIFORNIA,LOS ANGELES,METROPOLITAN AREA,93701,34.00139962809694,-118.18394470012237,CREDENTIALED
P3132,NOT CREDENTIALED,HOUSTON UNITY WOMENS AND CHILDRENS HOSPITAL,WOMENS AND CHILDRENS HOSPITAL,WEST,COLORADO,DENVER,METROPOLITAN AREA,78701,39.66985878324578,-104.9945143354534,NOT CREDENTIALED
38AECDC06934EC3A,CREDENTIALED,MEMORIAL EMERGENCY CENTER CENTER OF HOUSTON,EMERGENCY CENTER,SOUTH,FLORIDA,ORLANDO,METROPOLITAN AREA,90001,28.457209451632192,-81.36342868477306,CREDENTIALED
P3030,NOT CREDENTIALED,WELLNESS EMERGENCY CENTER CENTER OF NASHVILLE,EMERGENCY CENTER,SOUTH,LOUISIANA,NEW ORLEANS,METROPOLITAN AREA,21201,30.036579223256627,-90.11829336881762,NOT CREDENTIALED
14556271-8556-40,CREDENTIALED,MEMORIAL PRIVATE CLINIC OF HOUSTON,PRIVATE CLINIC,SOUTH,LOUISIANA,NEW ORLEANS,METROPOLITAN AREA,78701,30.01599077085297,-90.10206196699613,CREDENTIALED
EE122273AD05C83B,CREDENTIALED,NORTHSIDE EMERGENCY CENTER CENTER OF HOUSTON,EMERGENCY CENTER,SOUTH,SOUTH CAROLINA,COLUMBIA,METROPOLITAN AREA,44101,34.040738475998275,-81.09186899584445,CREDENTIALED
P3048,CREDENTIALED,NASHVILLE ST JUDE GENERAL HOSPITAL,GENERAL HOSPITAL,SOUTH,VIRGINIA,RICHMOND,METROPOLITAN AREA,07101,37.59481629002132,-77.43209159408157,CREDENTIALED
06B00013-31D0-48,CREDENTIALED,NASHVILLE ST JUDE GENERAL HOSPITAL,GENERAL HOSPITAL,NORTHEAST,NEW JERSEY,NEWARK,METROPOLITAN AREA,21201,40.72997497015696,-74.14064835009923,CREDENTIALED
P3103,CREDENTIALED,HOUSTON MEMORIAL GENERAL HOSPITAL,GENERAL HOSPITAL,SOUTH,SOUTH CAROLINA,COLUMBIA,METROPOLITAN AREA,32801,33.95738049127696,-80.99600584900035,CREDENTIALED
6DD0E4CF-547C-41,CREDENTIALED,NORTHSIDE PRIVATE CLINIC OF HOUSTON,PRIVATE CLINIC,NORTHEAST,PENNSYLVANIA,PHILADELPHIA,METROPOLITAN AREA,90001,39.9902456999894,-75.09248470052938,CREDENTIALED
D0B6024233DF81D6,NOT CREDENTIALED,HOUSTON UNITY WOMENS AND CHILDRENS HOSPITAL,WOMENS AND CHILDRENS HOSPITAL,SOUTH,LOUISIANA,NEW ORLEANS,METROPOLITAN AREA,23201,29.938627749342768,-90.09615902191508,NOT CREDENTIALED
58109CCCE1F6EE29,NOT CREDENTIALED,HOUSTON HORIZON WOMENS AND CHILDRENS HOSPITAL,WOMENS AND CHILDRENS HOSPITAL,NORTHEAST,CONNECTICUT,HARTFORD,METROPOLITAN AREA,21201,41.799572688735495,-72.5906595556948,NOT CREDENTIALED
P3062,NOT CREDENTIALED,HOUSTON HORIZON WOMENS AND CHILDRENS HOSPITAL,WOMENS AND CHILDRENS HOSPITAL,WEST,COLORADO,DENVER,METROPOLITAN AREA,43201,39.70509474339407,-104.94569406542044,NOT CREDENTIALED
P3010,CREDENTIALED,NORTHSIDE EMERGENCY CENTER CENTER OF HOUSTON,EMERGENCY CENTER,MIDWEST,OHIO,COLUMBUS,METROPOLITAN AREA,07101,39.90921688200704,-83.00154573252254,CREDENTIALED
P3075,CREDENTIALED,NORTHSIDE PRIVATE CLINIC OF HOUSTON,PRIVATE CLINIC,SOUTH,VIRGINIA,RICHMOND,METROPOLITAN AREA,30301,37.47924949600783,-77.3371600008755,CREDENTIALED
P3057,CREDENTIALED,NASHVILLE MERCY GENERAL HOSPITAL,GENERAL HOSPITAL,SOUTH,OKLAHOMA,OKLAHOMA CITY,METROPOLITAN AREA,32801,35.36141242780826,-97.43865158579247,CREDENTIALED
2CC58DEFA25ED8E7,CREDENTIALED,NASHVILLE MERCY GENERAL HOSPITAL,GENERAL HOSPITAL,SOUTH,NORTH CAROLINA,CHARLOTTE,METROPOLITAN AREA,28201,35.138900447675226,-80.80612004609364,CREDENTIALED
C36243FA-62A9-44,CREDENTIALED,MEMORIAL PRIVATE CLINIC OF HOUSTON,PRIVATE CLINIC,MIDWEST,ILLINOIS,CHICAGO,METROPOLITAN AREA,12201,41.82850091398331,-87.66020632257334,CREDENTIALED
P3148,CREDENTIALED,MEMORIAL EMERGENCY CENTER CENTER OF HOUSTON,EMERGENCY CENTER,SOUTH,KENTUCKY,LOUISVILLE,METROPOLITAN AREA,15201,38.28281536224213,-85.82491927366351,CREDENTIALED
8F27D7AB-2F33-42,NOT CREDENTIALED,WELLNESS EMERGENCY CENTER CENTER OF NASHVILLE,EMERGENCY CENTER,NORTHEAST,CONNECTICUT,HARTFORD,METROPOLITAN AREA,63101,41.6972733914791,-72.62289056954734,NOT CREDENTIALED
E1CE9ABA6B027BA1,NOT CREDENTIALED,HOUSTON UNITY GENERAL HOSPITAL,GENERAL HOSPITAL,WEST,WASHINGTON,SEATTLE,METROPOLITAN AREA,29201,47.57446254001263,-122.31914451790304,NOT CREDENTIALED
P3031,NOT CREDENTIALED,HOUSTON HORIZON WOMENS AND CHILDRENS HOSPITAL,WOMENS AND CHILDRENS HOSPITAL,NORTHEAST,MARYLAND,BALTIMORE,METROPOLITAN AREA,93701,39.37749687986539,-76.51420623764083,NOT CREDENTIALED
P3093,CREDENTIALED,MEMORIAL EMERGENCY CENTER CENTER OF HOUSTON,EMERGENCY CENTER,MIDWEST,INDIANA,INDIANAPOLIS,METROPOLITAN AREA,75201,39.826545198729924,-86.19985779639936,CREDENTIALED
ABB3A32129610D9C,CREDENTIALED,HOUSTON MEMORIAL GENERAL HOSPITAL,GENERAL HOSPITAL,NORTHEAST,PENNSYLVANIA,PHILADELPHIA,METROPOLITAN AREA,43201,39.89690467301023,-75.15984870369779,CREDENTIALED
3952853B-6E99-48,CREDENTIALED,UNITY EMERGENCY CENTER CENTER OF HOUSTON,EMERGENCY CENTER,WEST,UTAH,SALT LAKE CITY,METROPOLITAN AREA,33101,40.66158982810515,-111.82882222602353,CREDENTIALED
03C4B5A7-2A18-4F,CREDENTIALED,NORTHSIDE EMERGENCY CENTER CENTER OF HOUSTON,EMERGENCY CENTER,SOUTH,VIRGINIA,RICHMOND,METROPOLITAN AREA,60601,37.61188342599985,-77.52269961439733,CREDENTIALED
938E2B50-9033-47,NOT CREDENTIALED,HOUSTON NORTHSIDE GENERAL HOSPITAL,GENERAL HOSPITAL,SOUTH,LOUISIANA,NEW ORLEANS,METROPOLITAN AREA,48201,29.942444046540242,-90.14998332373276,NOT CREDENTIALED
79CD9877070EEB5C,CREDENTIALED,HOUSTON MERCY GENERAL HOSPITAL,GENERAL HOSPITAL,SOUTH,SOUTH CAROLINA,COLUMBIA,METROPOLITAN AREA,85001,34.09744958139416,-80.98216694290267,CREDENTIALED
0D0017D3A5835834,CREDENTIALED,MEMORIAL EMERGENCY CENTER CENTER OF HOUSTON,EMERGENCY CENTER,MIDWEST,MICHIGAN,DETROIT,METROPOLITAN AREA,29201,42.34168347061144,-83.03889572261657,CREDENTIALED
58109CCCE1F6EE29,NOT CREDENTIALED,HOUSTON HORIZON WOMENS AND CHILDRENS HOSPITAL,WOMENS AND CHILDRENS HOSPITAL,NORTHEAST,MARYLAND,BALTIMORE,METROPOLITAN AREA,90001,39.376288423752044,-76.58508599171546,NOT CREDENTIALED
P3036,CREDENTIALED,HOUSTON MERCY GENERAL HOSPITAL,GENERAL HOSPITAL,SOUTH,FLORIDA,ORLANDO,METROPOLITAN AREA,80201,28.49557238887141,-81.47400725781469,CREDENTIALED
P3043,CREDENTIALED,NORTHSIDE EMERGENCY CENTER CENTER OF HOUSTON,EMERGENCY CENTER,SOUTH,NORTH CAROLINA,CHARLOTTE,METROPOLITAN AREA,85001,35.19964975196034,-80.90267798170817,CREDENTIALED
P3089,CREDENTIALED,HOUSTON MEMORIAL GENERAL HOSPITAL,GENERAL HOSPITAL,SOUTH,ALABAMA,BIRMINGHAM,METROPOLITAN AREA,78701,33.51650185412237,-86.81981698019376,CREDENTIALED
9EA353C18A53062B,CREDENTIALED,HOUSTON MERCY GENERAL HOSPITAL,GENERAL HOSPITAL,NORTHEAST,MARYLAND,BALTIMORE,METROPOLITAN AREA,94101,39.269118828158454,-76.70895008940506,CREDENTIALED
12E735F463C9E4F5,CREDENTIALED,HOUSTON WELLNESS GENERAL HOSPITAL,GENERAL HOSPITAL,NORTHEAST,CONNECTICUT,HARTFORD,METROPOLITAN AREA,73101,41.71803866329955,-72.57605609554446,CREDENTIALED
78FB01E03DEC412E,NOT CREDENTIALED,HOUSTON MERCY WOMENS AND CHILDRENS HOSPITAL,WOMENS AND CHILDRENS HOSPITAL,NORTHEAST,NEW JERSEY,NEWARK,METROPOLITAN AREA,90001,40.82766033438563,-74.13702346506491,NOT CREDENTIALED
6DD0E4CF-547C-41,CREDENTIALED,NORTHSIDE PRIVATE CLINIC OF HOUSTON,PRIVATE CLINIC,MIDWEST,INDIANA,INDIANAPOLIS,METROPOLITAN AREA,44101,39.82784171580612,-86.10090960215801,CREDENTIALED
362F9147-0AC0-47,CREDENTIALED,ST JUDE SPECIALTY MEDICAL CENTER CENTER OF HOUSTON,SPECIALTY MEDICAL CENTER,WEST,UTAH,SALT LAKE CITY,METROPOLITAN AREA,10001,40.70091034379645,-111.91291625988958,CREDENTIALED
2E43E8FB-80C4-46,NOT CREDENTIALED,HOUSTON ST JUDE WOMENS AND CHILDRENS HOSPITAL,WOMENS AND CHILDRENS HOSPITAL,SOUTH,TEXAS,HOUSTON,METROPOLITAN AREA,23201,29.74213428439359,-95.3762231083038,NOT CREDENTIALED
P3013,CREDENTIALED,NORTHSIDE PRIVATE CLINIC OF HOUSTON,PRIVATE CLINIC,NORTHEAST,NEW JERSEY,NEWARK,METROPOLITAN AREA,77001,40.67098784661819,-74.17568042085054,CREDENTIALED
P3076,CREDENTIALED,NORTHSIDE PRIVATE CLINIC OF HOUSTON,PRIVATE CLINIC,NORTHEAST,NEW YORK,NEW YORK CITY,METROPOLITAN AREA,33601,40.80118647657945,-74.05108358644887,CREDENTIALED
P3084,CREDENTIALED,HOUSTON MERCY GENERAL HOSPITAL,GENERAL HOSPITAL,MIDWEST,MINNESOTA,MINNEAPOLIS,METROPOLITAN AREA,33101,44.94456455131667,-93.21571206922327,CREDENTIALED
P3090,CREDENTIALED,ST JUDE SPECIALTY MEDICAL CENTER CENTER OF HOUSTON,SPECIALTY MEDICAL CENTER,WEST,UTAH,SALT LAKE CITY,METROPOLITAN AREA,77001,40.72204891090784,-111.82285300827894,CREDENTIALED
79CD9877070EEB5C,CREDENTIALED,HOUSTON MERCY GENERAL HOSPITAL,GENERAL HOSPITAL,MIDWEST,ILLINOIS,CHICAGO,METROPOLITAN AREA,33101,41.89982917584889,-87.70768154106074,CREDENTIALED
41D77612-8452-41,NOT CREDENTIALED,CENTRAL EMERGENCY CENTER CENTER OF NASHVILLE,EMERGENCY CENTER,SOUTH,GEORGIA,ATLANTA,METROPOLITAN AREA,10001,33.78484768186043,-84.44918278990922,NOT CREDENTIALED
482CFA37-0804-47,CREDENTIALED,HOUSTON WELLNESS GENERAL HOSPITAL,GENERAL HOSPITAL,MIDWEST,OHIO,COLUMBUS,METROPOLITAN AREA,43201,39.8977850558266,-82.89487681440806,CREDENTIALED
D0DD18E289D22469,NOT CREDENTIALED,HOUSTON CENTRAL WOMENS AND CHILDRENS HOSPITAL,WOMENS AND CHILDRENS HOSPITAL,NORTHEAST,MARYLAND,BALTIMORE,METROPOLITAN AREA,30301,39.19066748052562,-76.59573363588076,NOT CREDENTIALED
P3019,CREDENTIALED,HOUSTON MERCY GENERAL HOSPITAL,GENERAL HOSPITAL,MIDWEST,ILLINOIS,CHICAGO,METROPOLITAN AREA,10001,41.951243349873174,-87.56330854153974,CREDENTIALED
P3034,CREDENTIALED,HOUSTON MERCY GENERAL HOSPITAL,GENERAL HOSPITAL,SOUTH,KENTUCKY,LOUISVILLE,METROPOLITAN AREA,35201,38.194330557666234,-85.75295120490573,CREDENTIALED
P3064,CREDENTIALED,HOUSTON MERCY GENERAL HOSPITAL,GENERAL HOSPITAL,SOUTH,GEORGIA,ATLANTA,METROPOLITAN AREA,46201,33.68970063418675,-84.40994746780761,CREDENTIALED
P3128,CREDENTIALED,HOUSTON MERCY GENERAL HOSPITAL,GENERAL HOSPITAL,MIDWEST,ILLINOIS,CHICAGO,METROPOLITAN AREA,93701,41.95148339930063,-87.64474483173225,CREDENTIALED
8B28A6DE21327009,NOT CREDENTIALED,PRESBYTERIAN EMERGENCY CENTER CENTER OF NASHVILLE,EMERGENCY CENTER,MIDWEST,INDIANA,INDIANAPOLIS,METROPOLITAN AREA,75201,39.706682887498495,-86.0842884542167,NOT CREDENTIALED
1D748DB8F97ED940,CREDENTIALED,WELLNESS EMERGENCY CENTER CENTER OF HOUSTON,EMERGENCY CENTER,NORTHEAST,PENNSYLVANIA,PHILADELPHIA,METROPOLITAN AREA,60601,39.88153517552055,-75.07262190141145,CREDENTIALED
C1EDFC30-0930-4D,CREDENTIALED,HOUSTON LEGACY GENERAL HOSPITAL,GENERAL HOSPITAL,WEST,ARIZONA,PHOENIX,METROPOLITAN AREA,94101,33.44841900467197,-112.1082342541424,CREDENTIALED
B2845C3D-3A06-42,CREDENTIALED,WELLNESS PRIVATE CLINIC OF HOUSTON,PRIVATE CLINIC,MIDWEST,INDIANA,INDIANAPOLIS,METROPOLITAN AREA,94101,39.77287103812659,-86.23361895480267,CREDENTIALED
0F0C5CA3-FE5B-4E,NOT CREDENTIALED,NASHVILLE CENTRAL GENERAL HOSPITAL,GENERAL HOSPITAL,MIDWEST,MINNESOTA,MINNEAPOLIS,METROPOLITAN AREA,02101,44.979253426515754,-93.1766780043731,NOT CREDENTIALED
P3002,NOT CREDENTIALED,PRESBYTERIAN EMERGENCY CENTER CENTER OF NASHVILLE,EMERGENCY CENTER,SOUTH,NORTH CAROLINA,CHARLOTTE,METROPOLITAN AREA,80201,35.27081127166901,-80.90293523141469,NOT CREDENTIALED
P3040,NOT CREDENTIALED,NASHVILLE CENTRAL GENERAL HOSPITAL,GENERAL HOSPITAL,NORTHEAST,CONNECTICUT,HARTFORD,METROPOLITAN AREA,97201,41.66385798998538,-72.63572702545791,NOT CREDENTIALED
P3094,CREDENTIALED,WELLNESS EMERGENCY CENTER CENTER OF HOUSTON,EMERGENCY CENTER,SOUTH,GEORGIA,ATLANTA,METROPOLITAN AREA,75201,33.64901751627415,-84.44399782083127,CREDENTIALED
931F574056A2C517,CREDENTIALED,MERCY EMERGENCY CENTER CENTER OF HOUSTON,EMERGENCY CENTER,MIDWEST,MISSOURI,ST. LOUIS,METROPOLITAN AREA,07101,38.59627296699426,-90.17466436885714,CREDENTIALED
44F8AC53-8CEC-4A,NOT CREDENTIALED,CENTRAL EMERGENCY CENTER CENTER OF HOUSTON,EMERGENCY CENTER,SOUTH,TENNESSEE,NASHVILLE,METROPOLITAN AREA,90001,36.11627364116374,-86.68048479312176,NOT CREDENTIALED
3BDC0EF3-2786-4F,NOT CREDENTIALED,HOUSTON WELLNESS WOMENS AND CHILDRENS HOSPITAL,WOMENS AND CHILDRENS HOSPITAL,SOUTH,VIRGINIA,RICHMOND,METROPOLITAN AREA,98101,37.61804999304935,-77.48349925422984,NOT CREDENTIALED
16474D75-F66A-41,CREDENTIALED,HOUSTON WELLNESS GENERAL HOSPITAL,GENERAL HOSPITAL,WEST,CALIFORNIA,LOS ANGELES,METROPOLITAN AREA,78701,33.95818532278647,-118.2823007959691,CREDENTIALED
3F6E4BD4-C073-43,CREDENTIALED,MEMORIAL PRIVATE CLINIC OF NASHVILLE,PRIVATE CLINIC,SOUTH,ALABAMA,BIRMINGHAM,METROPOLITAN AREA,43201,33.49931903671961,-86.90407432166656,CREDENTIALED
P3095,CREDENTIALED,MERCY EMERGENCY CENTER CENTER OF HOUSTON,EMERGENCY CENTER,MIDWEST,MISSOURI,ST. LOUIS,METROPOLITAN AREA,48201,38.56214274676521,-90.20438450191406,CREDENTIALED
P3100,NOT CREDENTIALED,HOUSTON WELLNESS WOMENS AND CHILDRENS HOSPITAL,WOMENS AND CHILDRENS HOSPITAL,SOUTH,FLORIDA,ORLANDO,METROPOLITAN AREA,46201,28.475909728983954,-81.3678504744899,NOT CREDENTIALED
P3101,CREDENTIALED,HOUSTON WELLNESS GENERAL HOSPITAL,GENERAL HOSPITAL,MIDWEST,OHIO,COLUMBUS,METROPOLITAN AREA,48201,40.03872445053522,-83.03174249717242,CREDENTIALED
P3114,CREDENTIALED,HOUSTON WELLNESS GENERAL HOSPITAL,GENERAL HOSPITAL,MIDWEST,WISCONSIN,MILWAUKEE,METROPOLITAN AREA,19101,43.09172636709962,-87.84540936062172,CREDENTIALED
023C2D59D89C9B42,CREDENTIALED,UNITY PRIVATE CLINIC OF HOUSTON,PRIVATE CLINIC,MIDWEST,MISSOURI,ST. LOUIS,METROPOLITAN AREA,98101,38.69774373597444,-90.26988617019522,CREDENTIALED
D9809379-F00F-43,CREDENTIALED,HORIZON SPECIALTY MEDICAL CENTER CENTER OF NASHVILLE,SPECIALTY MEDICAL CENTER,NORTHEAST,PENNSYLVANIA,PHILADELPHIA,METROPOLITAN AREA,48201,39.86491964139698,-75.24949326272063,CREDENTIALED
9799FC89-CFC2-40,CREDENTIALED,MEMORIAL EMERGENCY CENTER CENTER OF HOUSTON,EMERGENCY CENTER,MIDWEST,OHIO,COLUMBUS,METROPOLITAN AREA,21201,39.93404851915559,-83.02106865939426,CREDENTIALED
7A0A1990-BCF3-41,NOT CREDENTIALED,NASHVILLE ST JUDE WOMENS AND CHILDRENS HOSPITAL,WOMENS AND CHILDRENS HOSPITAL,SOUTH,TEXAS,HOUSTON,METROPOLITAN AREA,94101,29.812264534062944,-95.30660295956396,NOT CREDENTIALED
P3053,CREDENTIALED,MEMORIAL EMERGENCY CENTER CENTER OF HOUSTON,EMERGENCY CENTER,MIDWEST,MISSOURI,ST. LOUIS,METROPOLITAN AREA,07101,38.61662984880557,-90.22270664949488,CREDENTIALED
P3111,CREDENTIALED,MEMORIAL EMERGENCY CENTER CENTER OF HOUSTON,EMERGENCY CENTER,NORTHEAST,NEW JERSEY,NEWARK,METROPOLITAN AREA,10001,40.77386188467952,-74.21463709731358,CREDENTIALED
CFB0ABB5268E0F08,CREDENTIALED,HORIZON PRIVATE CLINIC OF HOUSTON,PRIVATE CLINIC,SOUTH,KENTUCKY,LOUISVILLE,METROPOLITAN AREA,46201,38.284626752582255,-85.65078241207924,CREDENTIALED
79CD9877070EEB5C,CREDENTIALED,HOUSTON MERCY GENERAL HOSPITAL,GENERAL HOSPITAL,MIDWEST,WISCONSIN,MILWAUKEE,METROPOLITAN AREA,90001,42.94377792307382,-87.84146832592647,CREDENTIALED
A595301361D4CAF4,CREDENTIALED,HORIZON SPECIALTY MEDICAL CENTER CENTER OF HOUSTON,SPECIALTY MEDICAL CENTER,WEST,UTAH,SALT LAKE CITY,METROPOLITAN AREA,98101,40.833303463801464,-111.8322036911048,CREDENTIALED
2CC58DEFA25ED8E7,CREDENTIALED,NASHVILLE MERCY GENERAL HOSPITAL,GENERAL HOSPITAL,SOUTH,ALABAMA,BIRMINGHAM,METROPOLITAN AREA,33101,33.50982712280233,-86.7791617662467,CREDENTIALED
3F6E4BD4-C073-43,CREDENTIALED,MEMORIAL PRIVATE CLINIC OF NASHVILLE,PRIVATE CLINIC,WEST,COLORADO,DENVER,METROPOLITAN AREA,30301,39.72379115535423,-104.91590324480987,CREDENTIALED
C5293090-0A56-4C,NOT CREDENTIALED,CENTRAL EMERGENCY CENTER CENTER OF NASHVILLE,EMERGENCY CENTER,WEST,UTAH,SALT LAKE CITY,METROPOLITAN AREA,33601,40.709684345357395,-111.86421499906118,NOT CREDENTIALED
P3001,CREDENTIALED,MEMORIAL PRIVATE CLINIC OF NASHVILLE,PRIVATE CLINIC,WEST,OREGON,PORTLAND,METROPOLITAN AREA,40201,45.49625070854271,-122.5837933573953,CREDENTIALED
P3003,CREDENTIALED,MEMORIAL PRIVATE CLINIC OF NASHVILLE,PRIVATE CLINIC,SOUTH,ALABAMA,BIRMINGHAM,METROPOLITAN AREA,77001,33.562802320938665,-86.86123777769204,CREDENTIALED
P3008,CREDENTIALED,MEMORIAL PRIVATE CLINIC OF NASHVILLE,PRIVATE CLINIC,WEST,WASHINGTON,SEATTLE,METROPOLITAN AREA,75201,47.51439834084211,-122.28184938124825,CREDENTIALED
P3060,CREDENTIALED,HOUSTON MERCY GENERAL HOSPITAL,GENERAL HOSPITAL,WEST,OREGON,PORTLAND,METROPOLITAN AREA,30301,45.605545009524405,-122.62607892648133,CREDENTIALED
P3138,CREDENTIALED,MEMORIAL PRIVATE CLINIC OF NASHVILLE,PRIVATE CLINIC,MIDWEST,MISSOURI,ST. LOUIS,METROPOLITAN AREA,80201,38.58451912141851,-90.17317673563498,CREDENTIALED
P3142,NOT CREDENTIALED,CENTRAL EMERGENCY CENTER CENTER OF NASHVILLE,EMERGENCY CENTER,SOUTH,TENNESSEE,NASHVILLE,METROPOLITAN AREA,10001,36.07487093153147,-86.87727414450984,NOT CREDENTIALED
5200E29C3327B4A2,CREDENTIALED,MERCY EMERGENCY CENTER CENTER OF HOUSTON,EMERGENCY CENTER,MIDWEST,OHIO,COLUMBUS,METROPOLITAN AREA,53201,40.01327381400105,-82.91516790580505,CREDENTIALED
85557658CA023061,NOT CREDENTIALED,HOUSTON MEMORIAL WOMENS AND CHILDRENS HOSPITAL,WOMENS AND CHILDRENS HOSPITAL,SOUTH,NORTH CAROLINA,CHARLOTTE,METROPOLITAN AREA,90001,35.20780808794789,-80.7414133476894,NOT CREDENTIALED
C5293090-0A56-4C,NOT CREDENTIALED,CENTRAL EMERGENCY CENTER CENTER OF NASHVILLE,EMERGENCY CENTER,WEST,ARIZONA,PHOENIX,METROPOLITAN AREA,32801,33.38408326318594,-112.05931441182598,NOT CREDENTIALED
F37C9DBB-BBDA-45,CREDENTIALED,NORTHSIDE EMERGENCY CENTER CENTER OF HOUSTON,EMERGENCY CENTER,SOUTH,LOUISIANA,NEW ORLEANS,METROPOLITAN AREA,33601,30.0101150889349,-89.99546796147546,CREDENTIALED
ABD7FE9C3241BA02,NOT CREDENTIALED,HOUSTON PRESBYTERIAN WOMENS AND CHILDRENS HOSPITAL,WOMENS AND CHILDRENS HOSPITAL,MIDWEST,MICHIGAN,DETROIT,METROPOLITAN AREA,07101,42.42800164659901,-83.00579847730135,NOT CREDENTIALED
8F27D7AB-2F33-42,NOT CREDENTIALED,WELLNESS EMERGENCY CENTER CENTER OF NASHVILLE,EMERGENCY CENTER,SOUTH,OKLAHOMA,OKLAHOMA CITY,METROPOLITAN AREA,85001,35.3932416610184,-97.5099624179366,NOT CREDENTIALED
94483E9993669F2A,CREDENTIALED,HORIZON PRIVATE CLINIC OF HOUSTON,PRIVATE CLINIC,MIDWEST,WISCONSIN,MILWAUKEE,METROPOLITAN AREA,60601,42.96763217318847,-87.86739850877613,CREDENTIALED
P3005,CREDENTIALED,NORTHSIDE EMERGENCY CENTER CENTER OF HOUSTON,EMERGENCY CENTER,NORTHEAST,NEW YORK,NEW YORK CITY,METROPOLITAN AREA,37201,40.73456760627803,-74.0104611097065,CREDENTIALED
P3016,NOT CREDENTIALED,WELLNESS EMERGENCY CENTER CENTER OF NASHVILLE,EMERGENCY CENTER,NORTHEAST,NEW YORK,NEW YORK CITY,METROPOLITAN AREA,30301,40.786653986142746,-73.97832596904047,NOT CREDENTIALED
P3020,CREDENTIALED,HORIZON PRIVATE CLINIC OF HOUSTON,PRIVATE CLINIC,MIDWEST,MINNESOTA,MINNEAPOLIS,METROPOLITAN AREA,78701,45.027752412194054,-93.2771193160446,CREDENTIALED
P3022,NOT CREDENTIALED,WELLNESS EMERGENCY CENTER CENTER OF NASHVILLE,EMERGENCY CENTER,SOUTH,TENNESSEE,NASHVILLE,METROPOLITAN AREA,90001,36.170958029038104,-86.68446473699869,NOT CREDENTIALED
P3051,NOT CREDENTIALED,WELLNESS EMERGENCY CENTER CENTER OF NASHVILLE,EMERGENCY CENTER,MIDWEST,MICHIGAN,DETROIT,METROPOLITAN AREA,94101,42.315295713012226,-83.02636628947735,NOT CREDENTIALED
P3059,NOT CREDENTIALED,HOUSTON MEMORIAL WOMENS AND CHILDRENS HOSPITAL,WOMENS AND CHILDRENS HOSPITAL,WEST,UTAH,SALT LAKE CITY,METROPOLITAN AREA,48201,40.859972919537405,-111.96232140695525,NOT CREDENTIALED
P3065,CREDENTIALED,NORTHSIDE EMERGENCY CENTER CENTER OF HOUSTON,EMERGENCY CENTER,NORTHEAST,NEW JERSEY,NEWARK,METROPOLITAN AREA,90001,40.64679716760482,-74.15252302060959,CREDENTIALED
P3078,CREDENTIALED,MERCY EMERGENCY CENTER CENTER OF HOUSTON,EMERGENCY CENTER,SOUTH,TENNESSEE,NASHVILLE,METROPOLITAN AREA,02101,36.06054441027619,-86.80497886148241,CREDENTIALED
P3086,NOT CREDENTIALED,CENTRAL EMERGENCY CENTER CENTER OF NASHVILLE,EMERGENCY CENTER,SOUTH,SOUTH CAROLINA,COLUMBIA,METROPOLITAN AREA,43201,34.0190118634941,-80.99887199241729,NOT CREDENTIALED
P3140,NOT CREDENTIALED,HOUSTON PRESBYTERIAN WOMENS AND CHILDRENS HOSPITAL,WOMENS AND CHILDRENS HOSPITAL,MIDWEST,WISCONSIN,MILWAUKEE,METROPOLITAN AREA,10001,43.11426767425984,-87.91253581237507,NOT CREDENTIALED
D143375857AF8333,NOT CREDENTIALED,HOUSTON ST JUDE WOMENS AND CHILDRENS HOSPITAL,WOMENS AND CHILDRENS HOSPITAL,NORTHEAST,MASSACHUSETTS,BOSTON,METROPOLITAN AREA,06101,42.44202960682653,-71.06549072793457,NOT CREDENTIALED
59CD038D43F29A47,NOT CREDENTIALED,HOUSTON MERCY WOMENS AND CHILDRENS HOSPITAL,WOMENS AND CHILDRENS HOSPITAL,WEST,WASHINGTON,SEATTLE,METROPOLITAN AREA,43201,47.547899037292325,-122.2625667474807,NOT CREDENTIALED
46F01B89-8C9A-42,NOT CREDENTIALED,CENTRAL EMERGENCY CENTER CENTER OF NASHVILLE,EMERGENCY CENTER,SOUTH,FLORIDA,ORLANDO,METROPOLITAN AREA,21201,28.50295149597799,-81.29369197775712,NOT CREDENTIALED
16474D75-F66A-41,CREDENTIALED,HOUSTON WELLNESS GENERAL HOSPITAL,GENERAL HOSPITAL,WEST,ARIZONA,PHOENIX,METROPOLITAN AREA,19101,33.39803377298729,-111.99147829733444,CREDENTIALED
2198A6CA-659D-4A,CREDENTIALED,PRESBYTERIAN SPECIALTY MEDICAL CENTER CENTER OF HOUSTON,SPECIALTY MEDICAL CENTER,WEST,ARIZONA,PHOENIX,METROPOLITAN AREA,32801,33.47588769807468,-112.11486166046684,CREDENTIALED
P3006,NOT CREDENTIALED,HOUSTON MERCY WOMENS AND CHILDRENS HOSPITAL,WOMENS AND CHILDRENS HOSPITAL,SOUTH,NORTH CAROLINA,CHARLOTTE,METROPOLITAN AREA,15201,35.27517270782408,-80.78498403537249,NOT CREDENTIALED
P3021,CREDENTIALED,HOUSTON WELLNESS GENERAL HOSPITAL,GENERAL HOSPITAL,SOUTH,NORTH CAROLINA,CHARLOTTE,METROPOLITAN AREA,80201,35.12482993796006,-80.88629511099705,CREDENTIALED
P3026,NOT CREDENTIALED,CENTRAL EMERGENCY CENTER CENTER OF NASHVILLE,EMERGENCY CENTER,MIDWEST,MINNESOTA,MINNEAPOLIS,METROPOLITAN AREA,33101,44.99888466700899,-93.22794356108625,NOT CREDENTIALED
P3032,CREDENTIALED,HOUSTON WELLNESS GENERAL HOSPITAL,GENERAL HOSPITAL,MIDWEST,WISCONSIN,MILWAUKEE,METROPOLITAN AREA,48201,43.126330626809136,-87.97976911096401,CREDENTIALED
P3120,CREDENTIALED,PRESBYTERIAN SPECIALTY MEDICAL CENTER CENTER OF HOUSTON,SPECIALTY MEDICAL CENTER,NORTHEAST,PENNSYLVANIA,PHILADELPHIA,METROPOLITAN AREA,63101,40.03706054452023,-75.18296546847832,CREDENTIALED
ABD7FE9C3241BA02,NOT CREDENTIALED,HOUSTON PRESBYTERIAN WOMENS AND CHILDRENS HOSPITAL,WOMENS AND CHILDRENS HOSPITAL,NORTHEAST,NEW JERSEY,NEWARK,METROPOLITAN AREA,84101,40.792030278829145,-74.2472234738388,NOT CREDENTIALED
46278AC7-98C2-45,CREDENTIALED,HOUSTON HORIZON GENERAL HOSPITAL,GENERAL HOSPITAL,SOUTH,FLORIDA,ORLANDO,METROPOLITAN AREA,30301,28.55416768740172,-81.33518878350311,CREDENTIALED
3F6E4BD4-C073-43,CREDENTIALED,MEMORIAL PRIVATE CLINIC OF NASHVILLE,PRIVATE CLINIC,SOUTH,LOUISIANA,NEW ORLEANS,METROPOLITAN AREA,07101,29.89195106762819,-90.05648555652394,CREDENTIALED
27D8D4EA-C6B7-4B,CREDENTIALED,UNITY SPECIALTY MEDICAL CENTER CENTER OF HOUSTON,SPECIALTY MEDICAL CENTER,MIDWEST,INDIANA,INDIANAPOLIS,METROPOLITAN AREA,33101,39.66402623936765,-86.16973084506154,CREDENTIALED
85557658CA023061,NOT CREDENTIALED,HOUSTON MEMORIAL WOMENS AND CHILDRENS HOSPITAL,WOMENS AND CHILDRENS HOSPITAL,MIDWEST,MICHIGAN,DETROIT,METROPOLITAN AREA,33101,42.40057451787323,-83.01776513021105,NOT CREDENTIALED
166C83FC9788A388,CREDENTIALED,HORIZON SPECIALTY MEDICAL CENTER CENTER OF HOUSTON,SPECIALTY MEDICAL CENTER,WEST,COLORADO,DENVER,METROPOLITAN AREA,40201,39.72992519640347,-105.03838191596623,CREDENTIALED
P3000,CREDENTIALED,MEMORIAL PRIVATE CLINIC OF NASHVILLE,PRIVATE CLINIC,WEST,WASHINGTON,SEATTLE,METROPOLITAN AREA,32801,47.596623409512745,-122.31230301604877,CREDENTIALED
P3027,NOT CREDENTIALED,HOUSTON PRESBYTERIAN WOMENS AND CHILDRENS HOSPITAL,WOMENS AND CHILDRENS HOSPITAL,SOUTH,OKLAHOMA,OKLAHOMA CITY,METROPOLITAN AREA,43201,35.55442451440575,-97.41817797354095,NOT CREDENTIALED
P3063,CREDENTIALED,MEMORIAL PRIVATE CLINIC OF NASHVILLE,PRIVATE CLINIC,SOUTH,ALABAMA,BIRMINGHAM,METROPOLITAN AREA,10001,33.5296334957744,-86.84076188526026,CREDENTIALED
P3074,CREDENTIALED,MEMORIAL PRIVATE CLINIC OF NASHVILLE,PRIVATE CLINIC,WEST,COLORADO,DENVER,METROPOLITAN AREA,46201,39.73894947991953,-104.92789186133413,CREDENTIALED
P3077,CREDENTIALED,MEMORIAL PRIVATE CLINIC OF NASHVILLE,PRIVATE CLINIC,WEST,ARIZONA,PHOENIX,METROPOLITAN AREA,06101,33.43842721307457,-112.12373786202141,CREDENTIALED
P3105,CREDENTIALED,HORIZON SPECIALTY MEDICAL CENTER CENTER OF HOUSTON,SPECIALTY MEDICAL CENTER,SOUTH,LOUISIANA,NEW ORLEANS,METROPOLITAN AREA,90001,29.978107423602683,-89.97776494804585,CREDENTIALED
P3109,CREDENTIALED,HORIZON SPECIALTY MEDICAL CENTER CENTER OF HOUSTON,SPECIALTY MEDICAL CENTER,MIDWEST,MICHIGAN,DETROIT,METROPOLITAN AREA,23201,42.39740268440749,-83.09994455822516,CREDENTIALED
P3137,CREDENTIALED,UNITY SPECIALTY MEDICAL CENTER CENTER OF HOUSTON,SPECIALTY MEDICAL CENTER,WEST,WASHINGTON,SEATTLE,METROPOLITAN AREA,30301,47.66197533126169,-122.2959755507415,CREDENTIALED
P3139,CREDENTIALED,HORIZON SPECIALTY MEDICAL CENTER CENTER OF HOUSTON,SPECIALTY MEDICAL CENTER,MIDWEST,MINNESOTA,MINNEAPOLIS,METROPOLITAN AREA,37201,44.93051263647837,-93.35853237455092,CREDENTIALED
CBE7D097-A249-47,CREDENTIALED,MERCY SPECIALTY MEDICAL CENTER CENTER OF HOUSTON,SPECIALTY MEDICAL CENTER,SOUTH,ALABAMA,BIRMINGHAM,METROPOLITAN AREA,78701,33.56489997674795,-86.73142039534102,CREDENTIALED
9AD6ABD2-8ED2-48,CREDENTIALED,HOUSTON PRESBYTERIAN GENERAL HOSPITAL,GENERAL HOSPITAL,MIDWEST,WISCONSIN,MILWAUKEE,METROPOLITAN AREA,46201,42.96809495815835,-87.85429660293373,CREDENTIALED
A33DB594-3B5A-48,CREDENTIALED,NORTHSIDE EMERGENCY CENTER CENTER OF HOUSTON,EMERGENCY CENTER,MIDWEST,OHIO,COLUMBUS,METROPOLITAN AREA,27601,39.97315479634343,-82.96877132461427,CREDENTIALED
3F6E4BD4-C073-43,CREDENTIALED,MEMORIAL PRIVATE CLINIC OF NASHVILLE,PRIVATE CLINIC,NORTHEAST,PENNSYLVANIA,PHILADELPHIA,METROPOLITAN AREA,77001,39.98482695524509,-75.22036988734095,CREDENTIALED
P3050,CREDENTIALED,NORTHSIDE EMERGENCY CENTER CENTER OF HOUSTON,EMERGENCY CENTER,MIDWEST,MISSOURI,ST. LOUIS,METROPOLITAN AREA,73101,38.584075762363156,-90.12175221183317,CREDENTIALED
P3129,CREDENTIALED,NORTHSIDE EMERGENCY CENTER CENTER OF HOUSTON,EMERGENCY CENTER,NORTHEAST,MARYLAND,BALTIMORE,METROPOLITAN AREA,29201,39.275572269142415,-76.53099267195749,CREDENTIALED
